INSERT INTO suppliers	(id, name, address, phone, mon, tue, wed, thu, fri) VALUES
						(1, "Steffi's Imbiss", "Hirschberger Ring 13", "09421 183655", "10:00 - 19:00", "10:00 - 19:00", "10:00 - 19:00", "10:00 - 19:00", "10:00 - 19:00"),
						(2, "Imbiss Media", "Ittlinger Str. 146", "0176 25098397", "10:30 - 20:00", "10:30 - 20:00", "10:30 - 20:00", "10:30 - 20:00", "10:30 - 20:00"),
						(3, "McDonald's Straubing", "Ittlinger Str. 194", "09421 92141", "07:00 - 02:00", "07:00 - 02:00", "07:00 - 02:00", "07:00 - 02:00", "07:00 - 04:00"),
						(4, "Pizzeria Venezia", "Ostpreußische Str. 7", "09421 968696", "--:-- - --:--", "10:00 - 14:00, 17:00 - 22:00", "10:00 - 14:00, 17:00 - 22:00", "10:00 - 14:00, 17:00 - 22:00", "10:00 - 14:00, 17:00 - 22:00"),
						(5, "Asia Aroma", "", "", "", "", "", "", "");
						
INSERT INTO cats (id, name, img) VALUES
						(1, 'Feinschmecker', 'burgers1.jpg'),
						(2, 'Fisch', 'fish.jpg'),
						(3, 'Klassiker', 'classics.jpg'),
						(4, 'Burger & Co.', 'hamburgers.jpg'),
						(5, 'Kinder-Teller', 'chicken-nuggets.jpg'),
						(6, 'Döner Kebab', 'kebab.jpg'),
						(7, 'Pizza', 'pizza1.jpg'),
						(8, 'Salate', 'salads.jpg'),
						(9, 'Extra-Zutaten', 'pizza2.jpg'),
						(10, 'Nudelgerichte', 'pasta.jpg'),
						(11, 'Tagesangebote', 'restaurant1.jpg'),
						(12, 'Kalte Getränke', 'cooled-drinks.jpg'),
						(13, 'Salate', 'green-salad.jpg');
						
INSERT INTO dishes (id, supplier_id, cat_id, name, description, price) VALUES
						(1, 1, 1, 'Schnitzel mit Pommes', 'paniertes Schweineschnitzel', 6.2),
						(2, 1, 1, 'Schnitzel "Schweizer Art"', 'mit Käse überbacken, mit Kroketten', 6.7),
						(3, 1, 1, 'Gyrosteller vom Schwein', 'Pfannengyros mit Krautsalat, Tzatziki und Pommes', 6.8),
						(4, 1, 1, 'Cevapciciteller vom Rind', 'mit Rohkostsalat, Pommes und Zwiebeln', 6.8),
						(5, 1, 1, 'Holzfällersteak vom Schwein', 'mit Rohkostsalat, Pommes und Zwiebeln', 7),
						(6, 1, 1, 'Grillteller', 'mit Nackensteak, Cevapcici, Bratwurst, Speck, Fleischpflanzerl und Pommes', 7),
						(7, 1, 1, 'Hawaiisteak vom Schwein', 'mit Ananas und Käse überbacken, mit Kroketen und Rohkostsalat', 7),
						(8, 1, 1, 'Hähnchen-Cordon-Bleu', 'mit Pommes und Rohkostsalat', 4.9),
						(9, 1, 1, 'Putenschnitzel paniert', 'mit Pommes und Rohkostsalat', 5.8),
						(10, 1, 2, 'Fischstäbchen (7 Stück)', 'mit Pommes und Remoulade', 4.8),
						(11, 1, 2, 'Seelachsfilet in Knusperpanade', 'mit Kartoffelsalat und Remoulade', 5),
						(12, 1, 3, 'Currywurst', 'Bockwurst mit Currysauce', 3),
						(13, 1, 3, 'Currywurst mit Pommes', 'Bockwurst mit Currysauce und Pommes', 5.2),
						(14, 1, 3, 'Schaschlikspieß', 'Spieß vom Schwein', 3.8),
						(15, 1, 3, 'Schaschlikspieß mit Pommes', 'Spieß vom Schwein mit Pommes', 5.2),
						(16, 1, 3, '8 Chicken Chips', '8 Stück', 3.6),
						(17, 1, 3, '8 Chicken Chips mit Pommes', '8 Stück mit Pommes', 5),
						(18, 1, 3, 'Bratwurst', 'Wurst vom Schwein', 3),
						(19, 1, 3, 'Bratwurst mit Kartoffelsalat', 'Wurst vom Schwein mit Kartoffelsalat', 4),
						(20, 1, 3, 'Schweineschnitzelsemmel', 'garniertes Schnitzel', 3.3),
						(21, 1, 3, 'Putenschnitzelsemmel', 'garniertes Schnitzel', 3.8),
						(22, 1, 3, 'Bratwurstsemmel', '', 2.2),
						(23, 1, 3, 'Steaksemmel', '', 2.2),
						(24, 1, 4, 'Hamburger', '', 2.2),
						(25, 1, 4, 'Hamburger spezial', '', 2.3),
						(26, 1, 4, 'Cheeseburger', '', 2.3),
						(27, 1, 4, 'Hawaiiburger', '', 2.6),
						(28, 1, 4, 'Baconburger', '', 2.6),
						(29, 1, 4, 'Doppelcheeseburger', '', 3.5),
						(30, 1, 4, 'Gemüseburger', '', 2.5),
						(31, 1, 4, 'Fischburger', 'Backfisch mit Remoulade', 3.5),
						(32, 1, 4, 'Chickenburger', 'Cordon-Bleu mit Käse und Putenschinken', 3.9),
						(33, 1, 4, 'Extra-Zutat', 'Ananas, Käse, Spezialsoße, Bacon, Majo', 0.4),
						(34, 1, 4, 'Hot Dog', 'mit Röstzwiebeln, Bockwurst, Spezialsoße, Speck, Käse und Salat', 4.5),
						(35, 1, 4, 'Kebap', 'Fladenbrot mit Pfannengyros vom Schwein und Tzaziki', 3.8),
						(36, 1, 5, '4 Chicken Chips mit Pommes', '4 Stück mit Pommes', 3.5),
						(37, 1, 5, 'Schnitzel mit Pommes', 'kleines Schweineschnitzel mit Pommes', 3.5),
						(38, 1, 5, '4 Fischstäbchen mit Pommes', '4 Stück mit Pommes', 3.5),
						(39, 1, 5, 'Eier-Pfannkuchen', 'mit Füllung', 2),
						(40, 2, 6, 'Döner Kebab', 'mit Puten- und Hühnerfleisch', 4),
						(41, 2, 6, 'Döner Kebab XL', 'mit Puten- und Hühnerfleisch', 5),
						(42, 2, 6, 'Kinder-Döner', 'mit Puten- und Hühnerfleisch', 3),
						(43, 2, 6, 'Döner Spezial', 'mit Puten- und Hühnerfleisch, Soße und Käse', 5),
						(44, 2, 6, 'Döner-Teller', 'mit Puten- und Hühnerfleisch, Salat, Zwiebeln und Soße', 6),
						(45, 2, 6, 'Döner-Teller', 'mit Puten- und Hühnerfleisch, Pommes, Salat und Soße', 7.5),
						(46, 2, 6, 'Döner-Box', 'mit Puten- und Hühnerfleisch und Pommes', 4),
						(47, 2, 6, 'Döner-Box XL', 'mit Puten- und Hühnerfleisch und Pommes oder Reis', 5),
						(48, 2, 6, 'Dürüm', 'mit Puten- und Hühnerfleisch, Salat, Tomaten und Zwiebeln', 4.5),
						(49, 2, 6, 'Dürüm XL', 'mit Puten- und Hühnerfleisch, Salat, Tomaten und Zwiebeln', 6),
						(50, 2, 6, 'Kinder-Dürüm', 'mit Puten- und Hühnerfleisch, Salat, Tomaten und Zwiebeln', 3.5),
						(51, 2, 7, 'Pizzastück 20 cm', 'mit Schinken, Salami, Champignons, Tomatensoße und Käse', 3),
						(52, 2, 7, 'Pizzastück 22 cm', 'mit Schinken, Salami, Champignons, Tomatensoße und Käse', 3.5),
						(53, 2, 7, 'Pizza Margherita 28 cm', 'mit Käse und Oregano', 4.5),
						(54, 2, 7, 'Pizza Margherita 32 cm', 'mit Käse und Oregano', 6.5),
						(55, 2, 7, 'Pizza Salami 28 cm', 'mit Salami, Tomatensoße, Käse und Oregano', 5.5),
						(56, 2, 7, 'Pizza Salami 32 cm', 'mit Salami, Tomatensoße, Käse und Oregano', 7.5),
						(57, 2, 7, 'Pizza Schinken 28 cm', 'mit Schinken, Tomatensoße und Käse', 5.5),
						(58, 2, 7, 'Pizza Schinken 32 cm', 'mit Schinken, Tomatensoße und Käse', 7.5),
						(59, 2, 7, 'Pizza Döner 28 cm', 'mit Puten- und Hühnerfleisch, Käse und Zwiebeln', 6.5),
						(60, 2, 7, 'Pizza Döner 32 cm', 'mit Puten- und Hühnerfleisch, Käse und Zwiebeln', 7.5),
						(61, 2, 7, 'Pizzabrot 28 cm', 'mit Tomatensoße, Zwiebeln und Knoblauch', 2.5),
						(62, 2, 7, 'Pizzabrot 32 cm', 'mit Tomatensoße, Zwiebeln und Knoblauch', 4.5),
						(63, 2, 7, 'Pizza Funghi 28 cm', 'mit Champignons, Tomatensoße und Käse', 5.5),
						(64, 2, 7, 'Pizza Funghi 32 cm', 'mit Champignons, Tomatensoße und Käse', 7.5),
						(65, 2, 7, 'Pizza Quattro Stagioni 28 cm', 'mit Schinken, Salami, Champignons und Peperoni', 6.5),
						(66, 2, 7, 'Pizza Quattro Stagioni 32 cm', 'mit Schinken, Salami, Champignons und Peperoni', 8.5),
						(67, 2, 7, 'Pizza Hawaii 28 cm', 'mit Ananas, Schinken, Tomatensoße und Käse', 6),
						(68, 2, 7, 'Pizza Hawaii 32 cm', 'mit Ananas, Schinken, Tomatensoße und Käse', 6),
						(69, 2, 7, 'Pizza Napoli 28 cm', 'mit Sardellen', 5.5),
						(70, 2, 7, 'Pizza Napoli 32 cm', 'mit Sardellen', 7.5),
						(71, 2, 7, 'Pizza Regina 28 cm', 'mit Vorderschinken und Champignons', 6),
						(72, 2, 7, 'Pizza Regina 32 cm', 'mit Vorderschinken und Champignons', 8),
						(73, 2, 7, 'Pizza Marinara 28 cm', 'mit Thunfisch und Zwiebeln', 7),
						(74, 2, 7, 'Pizza Marinara 32 cm', 'mit Thunfisch und Zwiebeln', 9),
						(75, 2, 7, 'Pizza Calzone 28 cm', 'mit Vorderschinken, Champignons und Salami', 6.5),
						(76, 2, 7, 'Pizza Calzone 32 cm', 'mit Vorderschinken, Champignons und Salami', 8.5),
						(77, 2, 7, 'Pizza Frutti di Mare 28 cm', 'mit Meeresfrüchten', 7.5),
						(78, 2, 7, 'Pizza Frutti di Mare 32 cm', 'mit Meeresfrüchten', 9.5),
						(79, 2, 7, 'Pizza Solo Mio 28 cm', 'mit Vorderschinken, Spargel und Ei', 7),
						(80, 2, 7, 'Pizza Solo Mio 32 cm', 'mit Vorderschinken, Spargel und Ei', 9),
						(81, 2, 7, 'Pizza Italia 28 cm', 'mit Paprika und Spinat', 6.5),
						(82, 2, 7, 'Pizza Italia 32 cm', 'mit Paprika und Spinat', 8.5),
						(83, 2, 7, 'Pizza Atomica 28 cm', 'Doppeldecker-Pizza mit Vorderschinken, Salami und Champignons', 7.5),
						(84, 2, 7, 'Pizza Atomica 32 cm', 'Doppeldecker-Pizza mit Vorderschinken, Salami und Champignons', 9.5),
						(85, 2, 7, 'Pizza Vegetaria 28 cm', 'mit frischem Gemüse', 6.5),
						(86, 2, 7, 'Pizza Vegetaria 32 cm', 'mit frischem Gemüse', 8.5),
						(87, 2, 7, 'Pizza Media 28 cm', 'mit Vorderschinken, Champignons, Salami, Peperoni, Oliven und Artischocken', 7),
						(88, 2, 7, 'Pizza Media 28 cm', 'mit Vorderschinken, Champignons, Salami, Peperoni, Oliven und Artischocken', 9),
						(89, 2, 7, 'Pizza Rosario 28 cm', 'mit Hackfleisch und Tomatenstücken', 7),
						(90, 2, 7, 'Pizza Rosario 32 cm', 'mit Hackfleisch und Tomatenstücken', 9),
						(91, 2, 7, 'Pizza Quattro Formaggi 28 cm', 'mit vier Käsesorten', 6.5),
						(92, 2, 7, 'Pizza Quattro Formaggi 32 cm', 'mit vier Käsesorten', 8.5),
						(93, 2, 8, 'Cetrioli', 'kleiner Gurkensalat', 3),
						(94, 2, 8, 'Pomodoro', 'kleiner Tomatensalat', 3),
						(95, 2, 8, 'Insalata Verde', 'kleiner grüner Salat', 3),
						(96, 2, 8, 'Insalata Mista', 'kleiner gemischter Salat', 3.5),
						(97, 2, 8, 'Instalata Nizzarda', 'großer Salatteller mit Thunfisch und Zwiebeln', 7),
						(98, 2, 8, 'Media-Salat', 'großer Salatteller mit Vorderschinken, Salami, Peperoni, Oliven, Artischocken, Thunfisch und Mozzarella', 7.5),
						(99, 2, 8, 'Insalata La Terrazza', 'großer Salatteller mit Pute, Mozzarella und Ei', 7.5),
						(100, 2, 8, 'Döner-Salat', 'mit Zwiebeln', 6),
						(101, 4, 7, 'Pizza-Brot 28 cm', 'mit Tomaten, Knoblauch und Basikilum', 3.5),
						(102, 4, 7, 'Pizza-Brot 32 cm', 'mit Tomaten, Knoblauch und Basikilum', 5),
						(103, 4, 7, 'Pizza Margherita 28 cm', 'mit Tomaten und Käse', 5.5),
						(104, 4, 7, 'Pizza Margherita 32 cm', 'mit Tomaten und Käse', 7),
						(105, 4, 7, 'Pizza Funghi 28 cm', 'mt Tomaten, Käse und Champignons', 6),
						(106, 4, 7, 'Pizza Funghi 32 cm', 'mt Tomaten, Käse und Champignons', 7.5),
						(107, 4, 7, 'Pizza Prosciutto 28 cm', 'mit Tomaten, Schinken und Käse', 6),
						(108, 4, 7, 'Pizza Prosciutto 32 cm', 'mit Tomaten, Schinken und Käse', 7.5),
						(109, 4, 7, 'Pizza Salami 28 cm', 'mit Tomaten, Salami und Käse', 6),
						(110, 4, 7, 'Pizza Salami 32 cm', 'mit Tomaten, Salami und Käse', 7.5),
						(111, 4, 7, 'Pizza Regina 28 cm', 'mit Tomaten, Schinken, Käse und Champignons', 6.5),
						(112, 4, 7, 'Pizza Regina 32 cm', 'mit Tomaten, Schinken, Käse und Champignons', 8),
						(113, 4, 7, 'Pizza Romana 28 cm', 'mit Tomaten, Salami, Käse und Champignons', 6.5),
						(114, 4, 7, 'Pizza Romana 32 cm', 'mit Tomaten, Salami, Käse und Champignons', 8),
						(115, 4, 7, 'Pizza Diavolo 28 cm', 'mit Tomaten, Salami und scharfen Peperoni', 6.5),
						(116, 4, 7, 'Pizza Diavolo 32 cm', 'mit Tomaten, Salami und scharfen Peperoni', 8),
						(117, 4, 7, 'Pizza Eldi 28 cm', 'mit Tomaten, Käse, Schinken, Salami und Champignons', 7),
						(118, 4, 7, 'Pizza Eldi 32 cm', 'mit Tomaten, Käse, Schinken, Salami und Champignons', 8.5),
						(119, 4, 7, 'Pizza Capricciosa 28 cm', 'mit Tomaten, Schinken, Käse, Artischocken, Oliven', 7),
						(120, 4, 7, 'Pizza Capricciosa 32 cm', 'mit Tomaten, Schinken, Käse, Artischocken, Oliven', 8.5),
						(121, 4, 7, 'Pizza Hawaii 28 cm', 'mit Tomaten, Käse, Schinken und Ananas', 6.5),
						(122, 4, 7, 'Pizza Hawaii 32 cm', 'mit Tomaten, Käse, Schinken und Ananas', 8),
						(123, 4, 7, 'Pizza Spinat 28 cm', 'mit Tomaten, Käse, Spinat und Gorgonzola', 6.5),
						(124, 4, 7, 'Pizza Spinat 32 cm', 'mit Tomaten, Käse, Spinat und Gorgonzola', 8),
						(125, 4, 7, 'Pizza Venezia 28 cm', 'mit Tomaten, Mozzarella, Käse, Artischocken, Champignons, geräuchertem Fleisch und Salami', 8),
						(126, 4, 7, 'Pizza Venezia 32 cm', 'mit Tomaten, Mozzarella, Käse, Artischocken, Champignons, geräuchertem Fleisch und Salami', 9.5),
						(127, 4, 7, 'Pizza Quattro Formaggi 28 cm', 'mit Tomaten, Käse, Mozzarella, Gorgonzola und Parmesan', 7.5),
						(128, 4, 7, 'Pizza Quattro Formaggi 32 cm', 'mit Tomaten, Käse, Mozzarella, Gorgonzola und Parmesan', 9),
						(129, 4, 7, 'Pizza Mozzarella 28 cm', 'mit Tomaten, Mozzarella und Basilikum', 7),
						(130, 4, 7, 'Pizza Mozzarella 32 cm', 'mit Tomaten, Mozzarella und Basilikum', 8.5),
						(131, 4, 7, 'Pizza Scampi 28 cm', 'mit Tomaten, Käse, Scampi und Knoblauch', 8),
						(132, 4, 7, 'Pizza Scampi 32 cm', 'mit Tomaten, Käse, Scampi und Knoblauch', 9.5),
						(133, 4, 7, 'Pizza Tonno 28 cm', 'mit Tomaten, Thunfisch und Zwiebeln', 7.5),
						(134, 4, 7, 'Pizza Tonno 32 cm', 'mit Tomaten, Thunfisch und Zwiebeln', 9),
						(135, 4, 7, 'Pizza Frutti di Mare 28 cm', 'mit Tomaten, Käse, Knoblauch und Meeresfrüchten', 7.5),
						(136, 4, 7, 'Pizza Frutti di Mare 32 cm', 'mit Tomaten, Käse, Knoblauch und Meeresfrüchten', 9),
						(137, 4, 7, 'Pizza Calzone 28 cm', 'mit Tomaten, Salami, Schinken, Champignons und Peperoni', 8),
						(138, 4, 7, 'Pizza Calzone 32 cm', 'mit Tomaten, Salami, Schinken, Champignons und Peperoni', 9.5),
						(139, 4, 7, 'Pizza Con Tutto 28 cm', 'mit Tomaten, Käse, Salami, Schinken, Champignons, Artischocken, Oliven und Peperoni', 8.5),
						(140, 4, 7, 'Pizza Con Tutto 32 cm', 'mit Tomaten, Käse, Salami, Schinken, Champignons, Artischocken, Oliven und Peperoni', 10),
						(141, 4, 7, 'Pizza Mexico 28 cm', 'mit Tomaten, Käse, Bolognesesoße, roten Bohnen, Mais und Zwiebeln', 7.5),
						(142, 4, 7, 'Pizza Mexico 32 cm', 'mit Tomaten, Käse, Bolognesesoße, roten Bohnen, Mais und Zwiebeln', 9),
						(143, 4, 7, 'Pizza Hot Dog 28 cm', 'mit Tomaten, Käse, Hot Dog, Essiggurken, Röstzwiebeln und Remoulade', 7.5),
						(144, 4, 7, 'Pizza Hot Dog 32 cm', 'mit Tomaten, Käse, Hot Dog, Essiggurken, Röstzwiebeln und Remoulade', 9),
						(145, 4, 7, 'Pizza Vegetarisch 28 cm', 'mit Tomaten, Käse, Champignons, Artischocken, Peperoni und Paprika', 7.5),
						(146, 4, 7, 'Pizza Vegetarisch 32 cm', 'mit Tomaten, Käse, Champignons, Artischocken, Peperoni und Paprika', 7.5),
						(147, 4, 9, 'Extra-Zutat für Pizza', 'für Pizzas mit 28 und 32 cm (bitte Zutat angeben)', 0.5),
						(148, 4, 9, 'Extra-Hühnerbrust', 'für Pizzas mit 28 und 32 cm', 1),
						(149, 4, 9, 'Extra-Mozzarella', 'für Pizzas mit 28 und 32 cm', 1),
						(150, 4, 9, 'Extra-Krabbeln', 'für Pizzas mit 28 und 32 cm', 1),
						(151, 4, 9, 'Extra-Meeresfrüchte', 'für Pizzas mit 28 und 32 cm', 1),
						(152, 4, 9, 'Extra-Scampi', 'für Pizzas mit 28 und 32 cm', 1),
						(153, 4, 8, 'Gurkensalat', 'kleiner Salat mit frischen Gurken', 3.5),
						(154, 4, 8, 'Tomatensalat', 'kleiner Salat mit Tomaten und Zwiebeln', 4),
						(155, 4, 8, 'Grüner Salat', 'kleiner grüner Salat', 3.5),
						(156, 4, 8, 'Gemischter Salat', 'mit grünem Salat, Tomaten, Karotten, Zwiebeln, Mais und Oliven', 5),
						(157, 4, 8, 'Tomaten-Mozzarella-Salat', 'mit grünem Salat, Mozzarella und Tomaten', 6),
						(158, 4, 8, 'Thunfisch-Salat', 'mit grünem Salat, Thunfisch, Gurken, Tomaten, Zwiebeln, Paprika, Oliven und Karotten', 7),
						(159, 4, 8, 'Venezia-Salat', 'mit grünem Salat, Gurken, Tomaten, Zwiebeln, Paprika, Oliven, Karotten, Salami, Schinken, Käse und Ei', 8),
						(160, 4, 8, 'Fitness-Salat', 'mit grünem Salat, Tomaten, Zwiebeln, Paprika, Oliven, Karotten, Mais und Hühnerbrust', 8),
						(161, 4, 10, 'Spaghetti Panna', 'mit Schinken, Sahne und Erbsen', 5.5),
						(162, 4, 10, 'Rigatoni Panna', 'mit Schinken, Sahne und Erbsen', 5.5),
						(163, 4, 10, 'Spaghetti Napoli', 'mit Tomatensoße, Parmesan und Basilikum', 5.5),
						(164, 4, 10, 'Rigatoni Napoli', 'mit Tomatensoße, Parmesan und Basilikum', 5.5),
						(165, 4, 10, 'Spaghetti Bolognese', 'mit Tomaten, Hackfleischsoße und Petersilie', 6.5),
						(166, 4, 10, 'Rigatoni Bolognese', 'mit Tomaten, Hackfleischsoße und Petersilie', 6.5),
						(167, 4, 10, 'Spaghetti Quattro Formaggi', 'mit vier Käsesorten', 6.5),
						(168, 4, 10, 'Rigatoni Quattro Formaggi', 'mit vier Käsesorten', 6.5),
						(169, 4, 10, 'Spaghetti Bolognese Sana', 'mit Hackfleischsoße, Sahne und Schinken', 6.9),
						(170, 4, 10, 'Rigatoni Bolognese Sana', 'mit Hackfleischsoße, Sahne und Schinken', 6.9),
						(171, 4, 10, 'Spaghetti Carbonara', 'mit Schinken, Ei und Sahne', 6.9),
						(172, 4, 10, 'Rigatoni Carbonara', 'mit Schinken, Ei und Sahne', 6.9),
						(173, 4, 10, 'Spaghetti Frutti di Mare', 'mit Meeresfrüchten', 7.5),
						(174, 4, 11, 'Pizza-Dienstag', 'Pizza mit 3 Zutaten nach Wahl (28 cm)', 4.9),
						(175, 4, 11, 'Family-Mittwoch', 'Familienpizza mit 3 Zutaten außer Fisch nach Wahl (50 cm)', 12.9),
						(176, 4, 11, 'Pasta-Donnerstag', 'Pasta nach Wahl', 4.9),
						(177, 4, 12, 'Wasser mit Kohlensäure', 'Vio in der 0,5l-Flasche, mit Kohlensäure', 2),
						(178, 4, 12, 'Cola', 'Coca Cola in der 0,5l-Flasche', 2),
						(179, 4, 12, 'Fanta', 'Fanta in der 0,5l-Flasche', 2),
						(180, 4, 12, 'Spezi', 'Mezzo Mix in der 0,5l-Flasche', 2),
						(181, 1, 13, 'Knackige Salatschüssel', 'gemischter Salat mit Gurken und Tomaten', 3.2),
						(182, 1, 13, 'Knackige Salatschüssel mit Thunfisch', 'Salat mit Thunfisch und Zwiebeln', 4),
						(183, 1, 13, 'Knackige Salatschlüssel mit Hähnchen', 'Salat mit Hähnchenstücken nach mediterraner Art', 4.2),
						(184, 1, 13, 'Chef-Salat', 'gemischter Salat mit Gurken, Tomaten, Schinken, Käse und Ei', 4.2),
						(185, 1, 13, 'Kleiner bayerischer Bauernsalat', 'Rohkost-Kraut-Kartoffelsalat mit Blattsalat, Gurken, Tomaten', 3.9),
						(186, 1, 13, 'Großer bayerischer Bauernsalat', 'Rohkost-Kraut-Kartoffelsalat mit Blattsalat, Gurken, Tomaten', 5.9),
						(187, 1, 12, 'Coca Cola', 'Coca Cola in der 0,5l-Flasche', 2),
						(188, 1, 12, 'Coca Cola light', 'Coca Cola light in der 0,5l-Flasche', 2),
						(189, 1, 12, 'Fanta', 'Fanta in der 0,5l-Flasche', 2),
						(190, 1, 12, 'Sprite', 'Sprite in der 0,5l-Flasche', 2),
						(191, 1, 12, 'Coca Cola (Dose)', 'Coca Cola in der 0,25l-Dose', 1.4),
						(192, 1, 12, 'Red Bull', 'Red Bull in der Dose', 2.5),
						(193, 1, 12, 'Apfelschorle', 'Apfelschorle in der 0,5l-Flasche', 2),
						(194, 1, 12, 'Apfel-Kirsche', 'Apfel-Kirsche in der 0,5l-Flasche', 2),
						(195, 1, 12, 'Eistee', 'Eistee in der 0,5l-Flasche', 2),
						(196, 4, 12, 'Stilles Wasser', 'Vio in der 0,5l-Flasche, ohne Kohlensäure', 2),
            (197, 2, 12, 'Coca Cola (Dose)', 'Coca Cola in der 0,33l-Dose', 2),
            (198, 2, 12, 'Coca Cola light (Dose)', 'Coca Cola light in der 0,33l-Dose', 2),
            (199, 2, 12, 'Fanta (Dose)', 'Fanta Orange in der 0,33l-Dose', 2),
            (200, 2, 12, 'Fanta Exotic (Dose)', 'Fanta Exotic in der 0,33l-Dose', 2),
            (201, 2, 12, 'Uludağ (Dose)', 'Uludağ Gazoz in der 0,33l-Dose', 2);