INSERT INTO suppliers	(id, name, address, phone, mon, tue, wed, thu, fri) VALUES
						(1, "Steffi's Imbiss", "Hirschberger Ring 13", "09421 183655", "10:00 - 19:00", "10:00 - 19:00", "10:00 - 19:00", "10:00 - 19:00", "10:00 - 19:00"),
						(2, "Imbiss Media", "Ittlinger Str. 146", "0176 25098397", "10:30 - 20:00", "10:30 - 20:00", "10:30 - 20:00", "10:30 - 20:00", "10:30 - 20:00"),
						(3, "McDonald's Straubing", "Ittlinger Str. 194", "09421 92141", "07:00 - 02:00", "07:00 - 02:00", "07:00 - 02:00", "07:00 - 02:00", "07:00 - 04:00"),
						(4, "Pizzeria Venezia", "Ostpreußische Str. 7", "09421 968696", "--:-- - --:--", "10:00 - 14:00, 17:00 - 22:00", "10:00 - 14:00, 17:00 - 22:00", "10:00 - 14:00, 17:00 - 22:00", "10:00 - 14:00, 17:00 - 22:00"),
						(5, "Asia Aroma", "", "", "", "", "", "", ""),
						(6, "Flying Pizza", "Krankenhausgasse 12", "09421 186666", "10:30 - 13:45, 17:00 - 22:45", "10:30 - 13:45, 17:00 - 22:45", "10:30 - 13:45, 17:00 - 22:45", "10:30 - 13:45, 17:00 - 22:45", "10:30 - 13:45, 17:00 - 22:45");
						
INSERT INTO cats (id, name, img) VALUES
						(1, 'Feinschmecker', 'burgers1.jpg'),
						(2, 'Fisch', 'fish.jpg'),
						(3, 'Klassiker', 'classics.jpg'),
						(4, 'Burger & Co.', 'hamburgers.jpg'),
						(5, 'Kinder-Teller', 'chicken-nuggets.jpg'),
						(6, 'Döner Kebab', 'kebab.jpg'),
						(7, 'Pizza', 'pizza1.jpg'),
						(8, 'Salate', 'salads.jpg'),
						(9, 'Extra-Zutaten', 'pizza2.jpg'),
						(10, 'Nudelgerichte', 'pasta.jpg'),
						(11, 'Tagesangebote', 'restaurant1.jpg'),
						(12, 'Kalte Getränke', 'cooled-drinks.jpg'),
						(13, 'Salate', 'green-salad.jpg'),
						(14, 'Nudeln und Reis', '-'),
						(15, 'Hähnchen und Ente', '-');
						
INSERT INTO dishes (id, supplier_id, cat_id, name, description, price) VALUES
            (1, 1, 1, 'Schnitzel mit Pommes', 'paniertes Schweineschnitzel', 6.2),
            (2, 1, 1, 'Schnitzel "Schweizer Art"', 'mit Käse überbacken, mit Kroketten', 6.7),
            (3, 1, 1, 'Gyrosteller vom Schwein', 'Pfannengyros mit Krautsalat, Tzatziki und Pommes', 6.8),
            (4, 1, 1, 'Cevapciciteller vom Rind', 'mit Rohkostsalat, Pommes und Zwiebeln', 6.8),
            (5, 1, 1, 'Holzfällersteak vom Schwein', 'mit Rohkostsalat, Pommes und Zwiebeln', 7),
            (6, 1, 1, 'Grillteller', 'mit Nackensteak, Cevapcici, Bratwurst, Speck, Fleischpflanzerl und Pommes', 7),
            (7, 1, 1, 'Hawaiisteak vom Schwein', 'mit Ananas und Käse überbacken, mit Kroketen und Rohkostsalat', 7),
            (8, 1, 1, 'Hähnchen-Cordon-Bleu', 'mit Pommes und Rohkostsalat', 4.9),
            (9, 1, 1, 'Putenschnitzel paniert', 'mit Pommes und Rohkostsalat', 5.8),
            (10, 1, 2, 'Fischstäbchen (7 Stück)', 'mit Pommes und Remoulade', 4.8),
            (11, 1, 2, 'Seelachsfilet in Knusperpanade', 'mit Kartoffelsalat und Remoulade', 5),
            (12, 1, 3, 'Currywurst', 'Bockwurst mit Currysauce', 3),
            (13, 1, 3, 'Currywurst mit Pommes', 'Bockwurst mit Currysauce und Pommes', 5.2),
            (14, 1, 3, 'Schaschlikspieß', 'Spieß vom Schwein', 3.8),
            (15, 1, 3, 'Schaschlikspieß mit Pommes', 'Spieß vom Schwein mit Pommes', 5.2),
            (16, 1, 3, '8 Chicken Chips', '8 Stück', 3.6),
            (17, 1, 3, '8 Chicken Chips mit Pommes', '8 Stück mit Pommes', 5),
            (18, 1, 3, 'Bratwurst', 'Wurst vom Schwein', 3),
            (19, 1, 3, 'Bratwurst mit Kartoffelsalat', 'Wurst vom Schwein mit Kartoffelsalat', 4),
            (20, 1, 3, 'Schweineschnitzelsemmel', 'garniertes Schnitzel', 3.3),
            (21, 1, 3, 'Putenschnitzelsemmel', 'garniertes Schnitzel', 3.8),
            (22, 1, 3, 'Bratwurstsemmel', '', 2.2),
            (23, 1, 3, 'Steaksemmel', '', 2.2),
            (24, 1, 4, 'Hamburger', '', 2.2),
            (25, 1, 4, 'Hamburger spezial', '', 2.3),
            (26, 1, 4, 'Cheeseburger', '', 2.3),
            (27, 1, 4, 'Hawaiiburger', '', 2.6),
            (28, 1, 4, 'Baconburger', '', 2.6),
            (29, 1, 4, 'Doppelcheeseburger', '', 3.5),
            (30, 1, 4, 'Gemüseburger', '', 2.5),
            (31, 1, 4, 'Fischburger', 'Backfisch mit Remoulade', 3.5),
            (32, 1, 4, 'Chickenburger', 'Cordon-Bleu mit Käse und Putenschinken', 3.9),
            (33, 1, 4, 'Extra-Zutat', 'Ananas, Käse, Spezialsoße, Bacon, Majo', 0.4),
            (34, 1, 4, 'Hot Dog', 'mit Röstzwiebeln, Bockwurst, Spezialsoße, Speck, Käse und Salat', 4.5),
            (35, 1, 4, 'Kebap', 'Fladenbrot mit Pfannengyros vom Schwein und Tzaziki', 3.8),
            (36, 1, 5, '4 Chicken Chips mit Pommes', '4 Stück mit Pommes', 3.5),
            (37, 1, 5, 'Schnitzel mit Pommes', 'kleines Schweineschnitzel mit Pommes', 3.5),
            (38, 1, 5, '4 Fischstäbchen mit Pommes', '4 Stück mit Pommes', 3.5),
            (39, 1, 5, 'Eier-Pfannkuchen', 'mit Füllung', 2),
            (40, 2, 6, 'Döner Kebab', 'mit Puten- und Hühnerfleisch', 4),
            (41, 2, 6, 'Döner Kebab XL', 'mit Puten- und Hühnerfleisch', 5),
            (42, 2, 6, 'Kinder-Döner', 'mit Puten- und Hühnerfleisch', 3),
            (43, 2, 6, 'Döner Spezial', 'mit Puten- und Hühnerfleisch, Soße und Käse', 5),
            (44, 2, 6, 'Döner-Teller', 'mit Puten- und Hühnerfleisch, Salat, Zwiebeln und Soße', 6),
            (45, 2, 6, 'Döner-Teller', 'mit Puten- und Hühnerfleisch, Pommes, Salat und Soße', 7.5),
            (46, 2, 6, 'Döner-Box', 'mit Puten- und Hühnerfleisch und Pommes', 4),
            (47, 2, 6, 'Döner-Box XL', 'mit Puten- und Hühnerfleisch und Pommes oder Reis', 5),
            (48, 2, 6, 'Dürüm', 'mit Puten- und Hühnerfleisch, Salat, Tomaten und Zwiebeln', 4.5),
            (49, 2, 6, 'Dürüm XL', 'mit Puten- und Hühnerfleisch, Salat, Tomaten und Zwiebeln', 6),
            (50, 2, 6, 'Kinder-Dürüm', 'mit Puten- und Hühnerfleisch, Salat, Tomaten und Zwiebeln', 3.5),
            (51, 2, 7, 'Pizzastück 20 cm', 'mit Schinken, Salami, Champignons, Tomatensoße und Käse', 3),
            (52, 2, 7, 'Pizzastück 22 cm', 'mit Schinken, Salami, Champignons, Tomatensoße und Käse', 3.5),
            (53, 2, 7, 'Pizza Margherita 28 cm', 'mit Käse und Oregano', 4.5),
            (54, 2, 7, 'Pizza Margherita 32 cm', 'mit Käse und Oregano', 6.5),
            (55, 2, 7, 'Pizza Salami 28 cm', 'mit Salami, Tomatensoße, Käse und Oregano', 5.5),
            (56, 2, 7, 'Pizza Salami 32 cm', 'mit Salami, Tomatensoße, Käse und Oregano', 7.5),
            (57, 2, 7, 'Pizza Schinken 28 cm', 'mit Schinken, Tomatensoße und Käse', 5.5),
            (58, 2, 7, 'Pizza Schinken 32 cm', 'mit Schinken, Tomatensoße und Käse', 7.5),
            (59, 2, 7, 'Pizza Döner 28 cm', 'mit Puten- und Hühnerfleisch, Käse und Zwiebeln', 6.5),
            (60, 2, 7, 'Pizza Döner 32 cm', 'mit Puten- und Hühnerfleisch, Käse und Zwiebeln', 7.5),
            (61, 2, 7, 'Pizzabrot 28 cm', 'mit Tomatensoße, Zwiebeln und Knoblauch', 2.5),
            (62, 2, 7, 'Pizzabrot 32 cm', 'mit Tomatensoße, Zwiebeln und Knoblauch', 4.5),
            (63, 2, 7, 'Pizza Funghi 28 cm', 'mit Champignons, Tomatensoße und Käse', 5.5),
            (64, 2, 7, 'Pizza Funghi 32 cm', 'mit Champignons, Tomatensoße und Käse', 7.5),
            (65, 2, 7, 'Pizza Quattro Stagioni 28 cm', 'mit Schinken, Salami, Champignons und Peperoni', 6.5),
            (66, 2, 7, 'Pizza Quattro Stagioni 32 cm', 'mit Schinken, Salami, Champignons und Peperoni', 8.5),
            (67, 2, 7, 'Pizza Hawaii 28 cm', 'mit Ananas, Schinken, Tomatensoße und Käse', 6),
            (68, 2, 7, 'Pizza Hawaii 32 cm', 'mit Ananas, Schinken, Tomatensoße und Käse', 6),
            (69, 2, 7, 'Pizza Napoli 28 cm', 'mit Sardellen', 5.5),
            (70, 2, 7, 'Pizza Napoli 32 cm', 'mit Sardellen', 7.5),
            (71, 2, 7, 'Pizza Regina 28 cm', 'mit Vorderschinken und Champignons', 6),
            (72, 2, 7, 'Pizza Regina 32 cm', 'mit Vorderschinken und Champignons', 8),
            (73, 2, 7, 'Pizza Marinara 28 cm', 'mit Thunfisch und Zwiebeln', 7),
            (74, 2, 7, 'Pizza Marinara 32 cm', 'mit Thunfisch und Zwiebeln', 9),
            (75, 2, 7, 'Pizza Calzone 28 cm', 'mit Vorderschinken, Champignons und Salami', 6.5),
            (76, 2, 7, 'Pizza Calzone 32 cm', 'mit Vorderschinken, Champignons und Salami', 8.5),
            (77, 2, 7, 'Pizza Frutti di Mare 28 cm', 'mit Meeresfrüchten', 7.5),
            (78, 2, 7, 'Pizza Frutti di Mare 32 cm', 'mit Meeresfrüchten', 9.5),
            (79, 2, 7, 'Pizza Solo Mio 28 cm', 'mit Vorderschinken, Spargel und Ei', 7),
            (80, 2, 7, 'Pizza Solo Mio 32 cm', 'mit Vorderschinken, Spargel und Ei', 9),
            (81, 2, 7, 'Pizza Italia 28 cm', 'mit Paprika und Spinat', 6.5),
            (82, 2, 7, 'Pizza Italia 32 cm', 'mit Paprika und Spinat', 8.5),
            (83, 2, 7, 'Pizza Atomica 28 cm', 'Doppeldecker-Pizza mit Vorderschinken, Salami und Champignons', 7.5),
            (84, 2, 7, 'Pizza Atomica 32 cm', 'Doppeldecker-Pizza mit Vorderschinken, Salami und Champignons', 9.5),
            (85, 2, 7, 'Pizza Vegetaria 28 cm', 'mit frischem Gemüse', 6.5),
            (86, 2, 7, 'Pizza Vegetaria 32 cm', 'mit frischem Gemüse', 8.5),
            (87, 2, 7, 'Pizza Media 28 cm', 'mit Vorderschinken, Champignons, Salami, Peperoni, Oliven und Artischocken', 7),
            (88, 2, 7, 'Pizza Media 28 cm', 'mit Vorderschinken, Champignons, Salami, Peperoni, Oliven und Artischocken', 9),
            (89, 2, 7, 'Pizza Rosario 28 cm', 'mit Hackfleisch und Tomatenstücken', 7),
            (90, 2, 7, 'Pizza Rosario 32 cm', 'mit Hackfleisch und Tomatenstücken', 9),
            (91, 2, 7, 'Pizza Quattro Formaggi 28 cm', 'mit vier Käsesorten', 6.5),
            (92, 2, 7, 'Pizza Quattro Formaggi 32 cm', 'mit vier Käsesorten', 8.5),
            (93, 2, 8, 'Cetrioli', 'kleiner Gurkensalat', 3),
            (94, 2, 8, 'Pomodoro', 'kleiner Tomatensalat', 3),
            (95, 2, 8, 'Insalata Verde', 'kleiner grüner Salat', 3),
            (96, 2, 8, 'Insalata Mista', 'kleiner gemischter Salat', 3.5),
            (97, 2, 8, 'Instalata Nizzarda', 'großer Salatteller mit Thunfisch und Zwiebeln', 7),
            (98, 2, 8, 'Media-Salat', 'großer Salatteller mit Vorderschinken, Salami, Peperoni, Oliven, Artischocken, Thunfisch und Mozzarella', 7.5),
            (99, 2, 8, 'Insalata La Terrazza', 'großer Salatteller mit Pute, Mozzarella und Ei', 7.5),
            (100, 2, 8, 'Döner-Salat', 'mit Zwiebeln', 6),
            (101, 4, 7, 'Pizza-Brot 28 cm', 'mit Tomaten, Knoblauch und Basikilum', 3.5),
            (102, 4, 7, 'Pizza-Brot 32 cm', 'mit Tomaten, Knoblauch und Basikilum', 5),
            (103, 4, 7, 'Pizza Margherita 28 cm', 'mit Tomaten und Käse', 5.5),
            (104, 4, 7, 'Pizza Margherita 32 cm', 'mit Tomaten und Käse', 7),
            (105, 4, 7, 'Pizza Funghi 28 cm', 'mt Tomaten, Käse und Champignons', 6),
            (106, 4, 7, 'Pizza Funghi 32 cm', 'mt Tomaten, Käse und Champignons', 7.5),
            (107, 4, 7, 'Pizza Prosciutto 28 cm', 'mit Tomaten, Schinken und Käse', 6),
            (108, 4, 7, 'Pizza Prosciutto 32 cm', 'mit Tomaten, Schinken und Käse', 7.5),
            (109, 4, 7, 'Pizza Salami 28 cm', 'mit Tomaten, Salami und Käse', 6),
            (110, 4, 7, 'Pizza Salami 32 cm', 'mit Tomaten, Salami und Käse', 7.5),
            (111, 4, 7, 'Pizza Regina 28 cm', 'mit Tomaten, Schinken, Käse und Champignons', 6.5),
            (112, 4, 7, 'Pizza Regina 32 cm', 'mit Tomaten, Schinken, Käse und Champignons', 8),
            (113, 4, 7, 'Pizza Romana 28 cm', 'mit Tomaten, Salami, Käse und Champignons', 6.5),
            (114, 4, 7, 'Pizza Romana 32 cm', 'mit Tomaten, Salami, Käse und Champignons', 8),
            (115, 4, 7, 'Pizza Diavolo 28 cm', 'mit Tomaten, Salami und scharfen Peperoni', 6.5),
            (116, 4, 7, 'Pizza Diavolo 32 cm', 'mit Tomaten, Salami und scharfen Peperoni', 8),
            (117, 4, 7, 'Pizza Eldi 28 cm', 'mit Tomaten, Käse, Schinken, Salami und Champignons', 7),
            (118, 4, 7, 'Pizza Eldi 32 cm', 'mit Tomaten, Käse, Schinken, Salami und Champignons', 8.5),
            (119, 4, 7, 'Pizza Capricciosa 28 cm', 'mit Tomaten, Schinken, Käse, Artischocken, Oliven', 7),
            (120, 4, 7, 'Pizza Capricciosa 32 cm', 'mit Tomaten, Schinken, Käse, Artischocken, Oliven', 8.5),
            (121, 4, 7, 'Pizza Hawaii 28 cm', 'mit Tomaten, Käse, Schinken und Ananas', 6.5),
            (122, 4, 7, 'Pizza Hawaii 32 cm', 'mit Tomaten, Käse, Schinken und Ananas', 8),
            (123, 4, 7, 'Pizza Spinat 28 cm', 'mit Tomaten, Käse, Spinat und Gorgonzola', 6.5),
            (124, 4, 7, 'Pizza Spinat 32 cm', 'mit Tomaten, Käse, Spinat und Gorgonzola', 8),
            (125, 4, 7, 'Pizza Venezia 28 cm', 'mit Tomaten, Mozzarella, Käse, Artischocken, Champignons, geräuchertem Fleisch und Salami', 8),
            (126, 4, 7, 'Pizza Venezia 32 cm', 'mit Tomaten, Mozzarella, Käse, Artischocken, Champignons, geräuchertem Fleisch und Salami', 9.5),
            (127, 4, 7, 'Pizza Quattro Formaggi 28 cm', 'mit Tomaten, Käse, Mozzarella, Gorgonzola und Parmesan', 7.5),
            (128, 4, 7, 'Pizza Quattro Formaggi 32 cm', 'mit Tomaten, Käse, Mozzarella, Gorgonzola und Parmesan', 9),
            (129, 4, 7, 'Pizza Mozzarella 28 cm', 'mit Tomaten, Mozzarella und Basilikum', 7),
            (130, 4, 7, 'Pizza Mozzarella 32 cm', 'mit Tomaten, Mozzarella und Basilikum', 8.5),
            (131, 4, 7, 'Pizza Scampi 28 cm', 'mit Tomaten, Käse, Scampi und Knoblauch', 8),
            (132, 4, 7, 'Pizza Scampi 32 cm', 'mit Tomaten, Käse, Scampi und Knoblauch', 9.5),
            (133, 4, 7, 'Pizza Tonno 28 cm', 'mit Tomaten, Thunfisch und Zwiebeln', 7.5),
            (134, 4, 7, 'Pizza Tonno 32 cm', 'mit Tomaten, Thunfisch und Zwiebeln', 9),
            (135, 4, 7, 'Pizza Frutti di Mare 28 cm', 'mit Tomaten, Käse, Knoblauch und Meeresfrüchten', 7.5),
            (136, 4, 7, 'Pizza Frutti di Mare 32 cm', 'mit Tomaten, Käse, Knoblauch und Meeresfrüchten', 9),
            (137, 4, 7, 'Pizza Calzone 28 cm', 'mit Tomaten, Salami, Schinken, Champignons und Peperoni', 8),
            (138, 4, 7, 'Pizza Calzone 32 cm', 'mit Tomaten, Salami, Schinken, Champignons und Peperoni', 9.5),
            (139, 4, 7, 'Pizza Con Tutto 28 cm', 'mit Tomaten, Käse, Salami, Schinken, Champignons, Artischocken, Oliven und Peperoni', 8.5),
            (140, 4, 7, 'Pizza Con Tutto 32 cm', 'mit Tomaten, Käse, Salami, Schinken, Champignons, Artischocken, Oliven und Peperoni', 10),
            (141, 4, 7, 'Pizza Mexico 28 cm', 'mit Tomaten, Käse, Bolognesesoße, roten Bohnen, Mais und Zwiebeln', 7.5),
            (142, 4, 7, 'Pizza Mexico 32 cm', 'mit Tomaten, Käse, Bolognesesoße, roten Bohnen, Mais und Zwiebeln', 9),
            (143, 4, 7, 'Pizza Hot Dog 28 cm', 'mit Tomaten, Käse, Hot Dog, Essiggurken, Röstzwiebeln und Remoulade', 7.5),
            (144, 4, 7, 'Pizza Hot Dog 32 cm', 'mit Tomaten, Käse, Hot Dog, Essiggurken, Röstzwiebeln und Remoulade', 9),
            (145, 4, 7, 'Pizza Vegetarisch 28 cm', 'mit Tomaten, Käse, Champignons, Artischocken, Peperoni und Paprika', 7.5),
            (146, 4, 7, 'Pizza Vegetarisch 32 cm', 'mit Tomaten, Käse, Champignons, Artischocken, Peperoni und Paprika', 7.5),
            (147, 4, 9, 'Extra-Zutat für Pizza', 'für Pizzas mit 28 und 32 cm (bitte Zutat angeben)', 0.5),
            (148, 4, 9, 'Extra-Hühnerbrust', 'für Pizzas mit 28 und 32 cm', 1),
            (149, 4, 9, 'Extra-Mozzarella', 'für Pizzas mit 28 und 32 cm', 1),
            (150, 4, 9, 'Extra-Krabbeln', 'für Pizzas mit 28 und 32 cm', 1),
            (151, 4, 9, 'Extra-Meeresfrüchte', 'für Pizzas mit 28 und 32 cm', 1),
            (152, 4, 9, 'Extra-Scampi', 'für Pizzas mit 28 und 32 cm', 1),
            (153, 4, 8, 'Gurkensalat', 'kleiner Salat mit frischen Gurken', 3.5),
            (154, 4, 8, 'Tomatensalat', 'kleiner Salat mit Tomaten und Zwiebeln', 4),
            (155, 4, 8, 'Grüner Salat', 'kleiner grüner Salat', 3.5),
            (156, 4, 8, 'Gemischter Salat', 'mit grünem Salat, Tomaten, Karotten, Zwiebeln, Mais und Oliven', 5),
            (157, 4, 8, 'Tomaten-Mozzarella-Salat', 'mit grünem Salat, Mozzarella und Tomaten', 6),
            (158, 4, 8, 'Thunfisch-Salat', 'mit grünem Salat, Thunfisch, Gurken, Tomaten, Zwiebeln, Paprika, Oliven und Karotten', 7),
            (159, 4, 8, 'Venezia-Salat', 'mit grünem Salat, Gurken, Tomaten, Zwiebeln, Paprika, Oliven, Karotten, Salami, Schinken, Käse und Ei', 8),
            (160, 4, 8, 'Fitness-Salat', 'mit grünem Salat, Tomaten, Zwiebeln, Paprika, Oliven, Karotten, Mais und Hühnerbrust', 8),
            (161, 4, 10, 'Spaghetti Panna', 'mit Schinken, Sahne und Erbsen', 5.5),
            (162, 4, 10, 'Rigatoni Panna', 'mit Schinken, Sahne und Erbsen', 5.5),
            (163, 4, 10, 'Spaghetti Napoli', 'mit Tomatensoße, Parmesan und Basilikum', 5.5),
            (164, 4, 10, 'Rigatoni Napoli', 'mit Tomatensoße, Parmesan und Basilikum', 5.5),
            (165, 4, 10, 'Spaghetti Bolognese', 'mit Tomaten, Hackfleischsoße und Petersilie', 6.5),
            (166, 4, 10, 'Rigatoni Bolognese', 'mit Tomaten, Hackfleischsoße und Petersilie', 6.5),
            (167, 4, 10, 'Spaghetti Quattro Formaggi', 'mit vier Käsesorten', 6.5),
            (168, 4, 10, 'Rigatoni Quattro Formaggi', 'mit vier Käsesorten', 6.5),
            (169, 4, 10, 'Spaghetti Bolognese Sana', 'mit Hackfleischsoße, Sahne und Schinken', 6.9),
            (170, 4, 10, 'Rigatoni Bolognese Sana', 'mit Hackfleischsoße, Sahne und Schinken', 6.9),
            (171, 4, 10, 'Spaghetti Carbonara', 'mit Schinken, Ei und Sahne', 6.9),
            (172, 4, 10, 'Rigatoni Carbonara', 'mit Schinken, Ei und Sahne', 6.9),
            (173, 4, 10, 'Spaghetti Frutti di Mare', 'mit Meeresfrüchten', 7.5),
            (174, 4, 11, 'Pizza-Dienstag', 'Pizza mit 3 Zutaten nach Wahl (28 cm)', 4.9),
            (175, 4, 11, 'Family-Mittwoch', 'Familienpizza mit 3 Zutaten außer Fisch nach Wahl (50 cm)', 12.9),
            (176, 4, 11, 'Pasta-Donnerstag', 'Pasta nach Wahl', 4.9),
            (177, 4, 12, 'Wasser mit Kohlensäure', 'Vio in der 0,5l-Flasche, mit Kohlensäure', 2),
            (178, 4, 12, 'Cola', 'Coca Cola in der 0,5l-Flasche', 2),
            (179, 4, 12, 'Fanta', 'Fanta in der 0,5l-Flasche', 2),
            (180, 4, 12, 'Spezi', 'Mezzo Mix in der 0,5l-Flasche', 2),
            (181, 1, 13, 'Knackige Salatschüssel', 'gemischter Salat mit Gurken und Tomaten', 3.2),
            (182, 1, 13, 'Knackige Salatschüssel mit Thunfisch', 'Salat mit Thunfisch und Zwiebeln', 4),
            (183, 1, 13, 'Knackige Salatschlüssel mit Hähnchen', 'Salat mit Hähnchenstücken nach mediterraner Art', 4.2),
            (184, 1, 13, 'Chef-Salat', 'gemischter Salat mit Gurken, Tomaten, Schinken, Käse und Ei', 4.2),
            (185, 1, 13, 'Kleiner bayerischer Bauernsalat', 'Rohkost-Kraut-Kartoffelsalat mit Blattsalat, Gurken, Tomaten', 3.9),
            (186, 1, 13, 'Großer bayerischer Bauernsalat', 'Rohkost-Kraut-Kartoffelsalat mit Blattsalat, Gurken, Tomaten', 5.9),
            (187, 1, 12, 'Coca Cola', 'Coca Cola in der 0,5l-Flasche', 2),
            (188, 1, 12, 'Coca Cola light', 'Coca Cola light in der 0,5l-Flasche', 2),
            (189, 1, 12, 'Fanta', 'Fanta in der 0,5l-Flasche', 2),
            (190, 1, 12, 'Sprite', 'Sprite in der 0,5l-Flasche', 2),
            (191, 1, 12, 'Coca Cola (Dose)', 'Coca Cola in der 0,25l-Dose', 1.4),
            (192, 1, 12, 'Red Bull', 'Red Bull in der Dose', 2.5),
            (193, 1, 12, 'Apfelschorle', 'Apfelschorle in der 0,5l-Flasche', 2),
            (194, 1, 12, 'Apfel-Kirsche', 'Apfel-Kirsche in der 0,5l-Flasche', 2),
            (195, 1, 12, 'Eistee', 'Eistee in der 0,5l-Flasche', 2),
            (196, 4, 12, 'Stilles Wasser', 'Vio in der 0,5l-Flasche, ohne Kohlensäure', 2),
            (197, 2, 12, 'Coca Cola (Dose)', 'Coca Cola in der 0,33l-Dose', 2),
            (198, 2, 12, 'Coca Cola light (Dose)', 'Coca Cola light in der 0,33l-Dose', 2),
            (199, 2, 12, 'Fanta (Dose)', 'Fanta Orange in der 0,33l-Dose', 2),
            (200, 2, 12, 'Fanta Exotic (Dose)', 'Fanta Exotic in der 0,33l-Dose', 2),
            (201, 2, 12, 'Uludağ (Dose)', 'Uludağ Gazoz in der 0,33l-Dose', 2),
          -- (209, 6, OQO00317, 'Grüner Salat', '', 4.00),
          -- (210, 6, OQO00317, 'Salat des Hauses', 'mit Eisbergsalat, Gurken, Tomaten, Paprika und Zwiebeln', 5.50),
          -- (211, 6, OQO00317, 'Salat Flying Pizza', 'mit Eisbergsalat, Gurken, Tomaten, Käse, Paprika, Mais, Schinken und gekochtem Ei', 7.00),
          -- (212, 6, OQO00317, 'Salat Mexiko', 'mit Eisbergsalat, Gurken, Tomaten, Schafskäse, Paprika, Mais, Schinken und gekochtem Ei', 7.00),
          -- (213, 6, OQO00317, 'Salat Roma', 'mit Eisbergsalat, Gurken, Tomaten, Oliven, Peperoni und Artischocken', 6.00),
          -- (214, 6, OQO00317, 'Salat Italia', 'mit Eisbergsalat, Gurken, Tomaten, Thunfisch, Schinken, Käse, Oliven, gekochtem Ei, Peperoni und Artischocken', 7.00),
          -- (215, 6, OQO00317, 'Hirtensalat', 'mit Eisbergsalat, Gurken, Tomaten, Thunfisch, Schinken, Schafskäse, Oliven, Ei, Peperoni und Artischocken', 7.00),
          -- (216, 6, OQO00317, 'Salat Meeresfrüchte', '', 8.00),
          -- (217, 6, OQO00317, 'Tomatensalat', 'mit Mozzarella und Zwiebeln', 6.00),
          -- (218, 6, OQO00317, 'Gurkensalat', '', 4.00),
          -- (219, 6, OQO00317, 'Thunfisch Salat', 'mit Thunfisch, Oliven, Artischocken und gekochtem Ei', 7.00),
          -- (220, 6, OQO00317, 'Salat da Enzo', 'mit grünem Salat, Tomaten, Bohnen, Mais, gekochtem Ei, Thunfisch und Spargel', 7.00),
          -- (221, 6, OQO00317, 'Spezial Salat', 'mit Eisbergsalat, Bohnen, Mais, Knoblauch, Gurken, Zwiebeln, Tomaten, Alopinos und Krabben', 7.00),
          -- (222, 6, OQO00317, 'Hähnchen Salat', 'mit Hähnchenbrustfilet, Eisbergsalat, Gurken, Tomaten, Peperoni und Zwiebeln', 7.50),
          -- (223, 6, OQO00317, 'Gemischter Salat', 'mit Eisbergsalat, Mais, Karotten, Tomaten und Gurken', 6.00),
          -- (224, 6, OQO00317, 'Lupo Salat', 'mit Eisbergsalat, Tomaten, Gurken, Schafskäse und Zwiebeln', 6.50),
          -- (225, 6, OQO00317, 'Bauern Salat', 'mit Eisbergsalat, Gurken, Tomaten, Schafskäse, Oliven und Paprika', 7.00),
          -- (226, 6, OQO00317, 'Salat Hawaii', 'mit Eisbergsalat, Schinken, Ananas und Käsewürfeln', 6.50),
          -- (227, 6, O1500317, 'Pizza Käse', 'mit Tomatensauce und Käse', 7.00),
          -- (228, 6, O1500317, 'Pizza Champignons', '', 7.00),
          -- (229, 6, O1500317, 'Pizza Mais', '', 7.00),
          -- (230, 6, O1500317, 'Pizza Zwiebeln und Knoblauch', '', 7.00),
          -- (231, 6, O1500317, 'Pizza Artischocken', '', 7.00),
          -- (232, 6, O1500317, 'Pizza Paprika', '', 7.00),
          -- (233, 6, O1500317, 'Pizza Peperoni', '', 7.00),
          -- (234, 6, O1500317, 'Pizza Broccoli', '', 7.00),
          -- (235, 6, O1500317, 'Pizza scharfe Salami', '', 7.00),
          -- (236, 6, O1500317, 'Pizza Salami', '', 7.00),
          -- (237, 6, O1500317, 'Pizza türkische Salami', '', 7.00),
          -- (238, 6, O1500317, 'Pizza Schinken', '', 7.00),
          -- (239, 6, O1500317, 'Pizza Sardellen', '', 7.00),
          -- (240, 6, O1500317, 'Pizza Hackfleisch', '', 7.00),
          -- (241, 6, O1500317, 'Pizza Thunfisch und Zwiebeln', '', 7.50),
          -- (242, 6, O1500317, 'Pizza Thunfisch', '', 7.50),
          -- (243, 6, O1500317, 'Pizza Salami und Schinken', '', 7.50),
          -- (244, 6, O1500317, 'Pizza Salami und Champignons', '', 7.50),
          -- (245, 6, O1500317, 'Pizza Salami und Peperoni', '', 7.50),
          -- (246, 6, O1500317, 'Pizza Schinken und Champignons', '', 7.50),
          -- (247, 6, O1500317, 'Pizza Schinken und Spargel', '', 7.50),
          -- (248, 6, O1500317, 'Pizza Hawaii', 'mit Ananas, Curry und Schinken', 7.50),
          -- (249, 6, O1500317, 'Pizza Spinat und Mozzarella', '', 7.50),
          -- (250, 6, O1500317, 'Pizza Mozzarella und frische Tomaten', '', 7.50),
          -- (251, 6, O1500317, 'Pizza Salami, Schinken und Champignons', '', 7.50),
          -- (252, 6, O1500317, 'Pizza Diavolo (scharf)', 'mit Salami, Peperoni und Paprika', 7.50),
          -- (253, 6, O1500317, 'Pizza Schinken, Champignons und Artischocken', '', 7.50),
          -- (254, 6, O1500317, 'Pizza Salami, Schinken und Hackfleisch', '', 7.50),
          -- (255, 6, O1500317, 'Pizza Salami, Champignons und Hackfleisch', '', 7.50),
          -- (256, 6, O1500317, 'Pizza Schinken, Champignons und Hackfleisch', '', 7.50),
          -- (257, 6, O1500317, 'Pizza Schinken, Champignons und Broccoli', '', 7.50),
          -- (258, 6, O1500317, 'Pizza Schinken, Salami, Champignons und Peperoni', '', 7.50),
          -- (259, 6, O1500317, 'Pizza Solo Mio', 'mit Schinken, Champignons, Zwiebeln und Ei', 7.50),
          -- (260, 6, O1500317, 'Pizza Vier Jahreszeiten', 'mit Schinken, Salami, Champignons und Paprika', 7.50),
          -- (261, 6, O1500317, 'Pizza Vier Jahreszeiten (vegetarisch)', 'mit Champignons, Zwiebeln, Paprika und Peperoni', 7.50),
          -- (262, 6, O1500317, 'Pizza Salami, Schinken, Champignons und Zwiebeln', '', 7.50),
          -- (263, 6, O1500317, 'Pizza Schinken, Speck, Salami und Champignons', '', 7.50),
          -- (264, 6, O1500317, 'Pizza Mais, Knoblauch, Zwiebeln und Peperoni', '', 7.50),
          -- (265, 6, O1500317, 'Flying Pizza', 'mit Schinken, Mais, Speck, Peperoni, Knoblauch und frischen Tomatenscheiben', 7.50),
          -- (266, 6, O1500317, 'Pizza Krabben und Broccoli', '', 7.50),
          -- (267, 6, O1500317, 'Pizza Parmaschinken', 'mit Parmaschinken, Rucola und Parmesan', 7.50),
          -- (268, 6, O1500317, 'Pizza Gemüse', 'mit Spargel, Broccoli, Spinat und Mozzarella', 7.50),
          -- (269, 6, O1500317, 'Pizza Quattro Formaggi', 'mit Mozzarella, Gorgonzola, Parmesan und Gouda', 7.50),
          -- (270, 6, O1500317, 'Pizza Meeresfrüchte', 'mit Krabben, Garnelen, Tintenfisch und Muscheln', 7.50),
          -- (271, 6, O1500317, 'Pizza Salami, Schinken, Champignons, Zwiebeln, Paprika', 'und Oliven', 7.50),
          -- (272, 6, O1500317, 'Pizza Schinken, Champignons, Salami, Paprika, Zwiebeln,', 'Artischocken und Oliven', 7.50),
          -- (273, 6, O1500317, 'Pizza Schinken, Champignons, Ei, Zwiebeln, Peperoni,', 'Artischocken, Oliven, Sardellen und Kapern', 7.50),
          -- (274, 6, O1500317, 'Pizza Schinken, Salami, Knoblauch, Champignons, Curry,', 'Zwiebeln und Ei', 7.50),
          -- (275, 6, O1500317, 'Pizza Vegetaria', 'mit Artischocken, Paprika, Zwiebeln, Champignons, Peperoni und Oliven', 7.50),
          -- (276, 6, O1500317, 'Pizza Hähnchen', 'mit Hähnchen, Peperoni, Champignons und Mozzarella', 7.50),
          -- (277, 6, O1500317, 'Pizza Hähnchen-Hawaii', 'mit Hähnchen, Ananas und Curry', 7.50),
          -- (278, 6, O1500317, 'Pizza Döner', 'mit Rinder-Dönerfleisch, Mozzarella, Zwiebeln und Peperoni', 7.50),
          -- (279, 6, O1500317, 'Pizza Sahnesauce, Schinken, Zwiebeln und Broccoli', '', 7.50),
          -- (280, 6, O1500317, 'Pizza Sahnesauce, Schinken, Salami und Hackfleisch', '', 7.50),
          -- (281, 6, O1500317, 'Pizza Sauce Hollandaise, Hähnchengyros, Zwiebeln', 'und frischen Tomaten', 7.50),
          -- (282, 6, O1500317, 'Pizza Sauce Hollandaise, Dönerfleisch, Zwiebeln und Peperoni', '', 7.50),
          -- (283, 6, O1500317, 'Pizzabrot, Ø 30cm', '', 4.00),
          -- (284, 6, OO500317, 'Calzone', 'mit Salami, Champignons und Schinken', 7.50),
          -- (285, 6, OO500317, 'Calzone Vegetarisch', 'mit Champignons, Peperoni, Paprika, Zwiebeln, Ananas und Artischocken', 7.50),
          -- (286, 6, O7500317, 'Pizza türkische Salami, Champignons, Zwiebeln und Paprika', '', 7.00),
          -- (287, 6, O7500317, 'Pizza Sucuk, Peperoni und frischen Tomatenscheiben', '', 7.00),
          -- (288, 6, O7500317, 'Pizza Mozzarella, frischen Tomatenscheiben und türkischer Salami', '', 7.00),
          -- (289, 6, O7500317, 'Pizza Indisch', 'mit Hähnchen, Gemüse und indischen Gewürzen', 6.00),
          -- (290, 6, O7500317, 'Pizza Punjabi', 'mit Salami, Schinken, Champignons, Eier, Knoblauch, Zwiebeln und indischen Gewürzen', 6.00),
          -- (291, 6, O0P00317, 'Pasta Knoblauch-Öl (pikant)', '', 6.50),
          -- (292, 6, O0P00317, 'Pasta Thunfisch, Knoblauch und Tomatensauce', '', 8.50),
          -- (293, 6, O0P00317, 'Pasta Frutti di Mare', 'mit Meeresfrüchten, Knoblauch, Oliven, Petersilie und Tomatensauce', 7.50),
          -- (294, 6, O0P00317, 'Pasta Napoli', 'mit Tomatensauce', 8.50),
          -- (295, 6, O0P00317, 'Pasta Bolognese', 'mit Hackfleischsauce und Sahne', 8.50),
          -- (296, 6, O0P00317, 'Pasta alla Panna', 'mit Schinken und Sahnesauce', 8.50),
          -- (297, 6, O0P00317, 'Pasta Carbonara', 'mit Schinken, Ei und Sahnesauce', 8.50),
          -- (298, 6, O0P00317, 'Pasta Diavolo (scharf)', 'mit Alopinos, Knoblauch, Tomaten und Petersilie', 8.50),
          -- (299, 6, O0P00317, 'Pasta Champignons, Knoblauch, Petersilie und Sahnesauce', '', 8.50),
          -- (300, 6, O0P00317, 'Pasta Ciociara', 'mit Schinken, Erbsen, Tomaten, Champignons und Sahnesauce', 8.50),
          -- (301, 6, O0P00317, 'Tris di Pasta', 'mit Rigatoni, Spaghetti, Tortellini, Krabben, Schinken, Champignons, Bolognese, Zwiebeln und Sahne', 8.50),
          -- (302, 6, O0P00317, 'Nudeln Extra Spezial', 'mit Krabben, Schinken, Champignons, Bolognese, Zwiebeln und Sahne', 8.50),
          -- (303, 6, O0P00317, 'Pasta Cremo Piccanti 1', 'mit Tomaten-Sahnesauce', 8.50),
          -- (304, 6, O0P00317, 'Pasta Cremo Piccanti 2', 'mit Mozzarella, Peperoni und Erbsen', 8.50),
          -- (305, 6, O0P00317, 'Pasta Rosate 1', 'mit Tomaten-Sahnesauce', 8.50),
          -- (306, 6, O0P00317, 'Pasta Rosate 2', 'mit Lachs, Mozzarella und Parmesan', 8.50),
          -- (307, 6, O0P00317, 'Pasta Spadellate', 'mit Bolognesesauce, Sambuca und Parmesan', 8.50),
          -- (308, 6, O0P00317, 'Pasta Thunfisch 1', 'mit Tomaten-Sahnesauce', 8.50),
          -- (309, 6, O0P00317, 'Pasta Thunfisch 2', 'mit Thunfischfilet und Parmesan', 8.50),
          -- (310, 6, O0P00317, 'Pasta India', 'mit Sahnesauce, Hähnchenfleisch, Curry und Spinat', 8.50),
          -- (311, 6, O0P00317, 'Pasta Casarecci', 'mit Tomatensauce, Olivenöl, Putenfilet, Tomaten, Zwiebeln und Parmesan', 8.50),
          -- (312, 6, O0P00317, 'Pasta a'la Casa', 'mit Hackfleisch, Sahne-Currysauce, Knoblauch und Erbsen', 8.50),
          -- (313, 6, O3P00317, 'Kawatini', 'mit drei Nudelsorten', 9.00),
          -- (314, 6, O3P00317, 'Lasagne', '', 9.20),
          -- (315, 6, O3P00317, 'Rigatoni al Forno', '', 9.20),
          -- (316, 6, O3P00317, 'Tortellini al Forno', '', 9.20),
          -- (317, 6, O3P00317, 'Gnocchi al Forno', '', 9.20),
          -- (318, 6, OPP00317, 'Rösti Broccoli', 'Rösti mit zartem Broccoli', 9.50),
          -- (319, 6, OPP00317, 'Rösti Spinat', 'Rösti mit Blattspinat, Zwiebeln und Champignons', 9.50),
          -- (320, 6, OPP00317, 'Schweizer Rösti', 'Rösti mit Schinken und Tomaten', 9.50),
          -- (321, 6, OPP00317, 'Rösti Hähnchen', 'Rösti mit Hähnchenbrust', 9.50),
          -- (322, 6, ORP00317, 'Broccoli-Kartoffel Auflauf', 'mit Schinken, Champignons, Broccoli, Kartoffeln und Sahnesauce', 8.50),
          -- (323, 6, ORP00317, 'Vitaminbombe', 'mit Champignons, Broccoli, Kartoffeln und Sahnesauce', 8.50),
          -- (324, 6, ORP00317, 'Bratkartoffel Auflauf', 'mit Bratkartoffeln, Speck, Zwiebeln und Ei', 8.50),
          -- (325, 6, ORP00317, 'Mexico-Topf', 'mit Mais, Bohnen, Paprika, Hackfleisch, Kartoffeln und Sahnesauce', 8.50),
          -- (326, 6, ORP00317, 'Hackfleisch Auflauf', 'mit Hackfleischsauce, Kartoffeln, Blumenkohl, Schinken und Sahnesauce', 8.50),
          -- (327, 6, ORP00317, 'Hähnchen Auflauf', 'mit Hähnchenbrust, Kartoffeln, Knoblauch und Tomatensauce', 8.50),
          -- (328, 6, ORP00317, 'Bratkartoffel-Hackfleisch Auflauf', 'mit Bratkartoffeln, Hackfleisch, Schinken und Sahnesauce', 8.50),
          -- (329, 6, ORP00317, 'Flying-Topf', 'mit Broccoli, Blumenkohl, frischen Champignons und Kartoffeln', 8.50),
          -- (330, 6, ON700317, 'Gyros Tzatziki, Zwiebeln und Peperoni', '', 9.00),
          -- (331, 6, ON700317, 'Gyros Tzatziki, Zwiebeln und Champignons', '', 9.00),
          -- (332, 6, ON700317, 'Überbackenes Gyros', 'mit Sahnesauce und mit Käse überbacken', 9.00),
          -- (333, 6, ON700317, 'Hähnchen-Gyros', 'mit Tzatziki, Zwiebeln und Peperoni', 9.00),
          -- (334, 6, ON700317, 'Überbackenes Hähnchen-Gyros', 'mit Sahnesauce und mit Käse überbacken', 9.00),
          -- (335, 6, O5700317, 'Vegetable Biryani (mittelscharf)', 'mit Curry und Gemüse, nach indischer Art', 8.50),
          -- (336, 6, O5700317, 'Chicken Korma', 'mit Hähnchen, Currysauce, Mandeln, Kokosnuss und mit Sahne verfeinert', 9.00),
          -- (337, 6, O5700317, 'Chicken Biryani', 'mit Hähnchenfleisch, Paprika und Erbsen, nach indischer Art', 9.00),
          -- (338, 6, O5700317, 'Chicken Madras (scharf)', 'mit Hähnchen und Currysauce, nach orientalischer Art', 9.00),
          -- (339, 6, O5700317, 'Chicken Sagwala (mittelscharf)', 'mit Hähnchenbrustfilet, Spinat und Sahne, nach orientalischer Art', 9.00),
          -- (340, 6, O5700317, 'Chicken Curry', 'mit Hähnchenfleisch, Knoblauch, Currysauce und mit Sahne verfeinert', 9.00),
          -- (341, 6, O5700317, 'Chicken Masala (mittelscharf)', 'mit Hähnchen, Tomaten, Curry, Koriander, gekochtem Ei und auserlesenen Gewürzen', 9.00),
          -- (342, 6, O5700317, 'Murgh Badami', 'mit Hähnchenfleisch, Champignons, spezieller Sauce und mit Sahne und Gewürzen verfeinert', 9.00),
          -- (343, 6, O5700317, 'Chicken Tikka (mittelscharf)', 'mit Hähnchen, aromatischer indische Sauce, Knoblauc, Sahne, Erbsen und Zitronensaft', 9.00),
          -- (344, 6, O5700317, 'Lamm Korma', 'mit Lammfleisch, Mandeln, Kokosnuss und Sahne', 10.00),
          -- (345, 6, O5700317, 'Lamm Madras (scharf)', 'mit Lammfleisch, Tomaten und Currysauce', 10.00),
          -- (346, 6, O5700317, 'Shrimps Biryani', 'mit Krabben, nach indischer Art', 10.00),
          -- (347, 6, O5700317, 'Shahi Panir', 'hausgemachter Frischkäse mit gemischtem Gemüse und Curry-Sahnesauce', 8.50),
          -- (348, 6, O5700317, 'Palak Panir', 'hausgemachter Käse mit Spinat, nach indischer Art', 8.50),
          -- (349, 6, O5700317, 'Sabji-Bhaji', 'mit Gemüse und erlesenen Gewürzen, nach indischer Art', 8.50),
          -- (350, 6, O5700317, 'Chana Masala', 'mit Kichererbsen, Kartoffeln, Tomaten, Zwiebeln und Ingwer', 8.50),
          -- (351, 6, O5700317, 'Bharta', 'mit Auberginen, Zwiebeln, Tomaten und feinen indischen Gewürzen', 8.50),
          -- (352, 6, O5700317, 'Mango Chicken', 'mit Hühnerfleisch, Mango und Currysauce', 8.50),
          -- (353, 6, OQ700317, 'Drei Tacos', 'mit Mais, Hackfleisch, Gurken, frischen Tomaten und mexikanischen Gewürzen', 8.00),
          -- (354, 6, OQ700317, 'Große Enchillada', 'mit Bolognese, Alopinos, Käse und Knoblauch', 8.00),
          -- (355, 6, O1Q00317, 'Gebratene Nudeln mit Hühnerfleisch', 'mit Ei und Gemüse', 8.50),
          -- (356, 6, O1Q00317, 'Gebratene Nudeln mit Rindfleisch', 'mit Ei und Gemüse', 9.00),
          -- (357, 6, O1Q00317, 'Gebratene Nudeln mit Krabben', 'mit Ei und Gemüse', 8.50),
          -- (358, 6, O1Q00317, 'Gebratene Nudeln mit Riesengarnelen', 'mit Ei und Gemüse', 12.00),
          -- (359, 6, O1Q00317, 'Gebratene Nudeln mit Entenfleisch', 'mit Ei und Gemüse', 12.00),
          -- (360, 6, O1Q00317, 'Gebratener Basamtireis mit Hühnerfleisch', 'mit Ei und Gemüse', 8.50),
          -- (361, 6, O1Q00317, 'Gebratener Basamtireis mit Rindfleisch', 'mit Ei und Gemüse', 9.00),
          -- (362, 6, O1Q00317, 'Gebratener Basamtireis mit Krabben', 'mit Ei und Gemüse', 8.50),
          -- (363, 6, O1Q00317, 'Gebratener Basamtireis mit Riesengarnelen', 'mit Ei und Gemüse', 12.00),
          -- (364, 6, O1Q00317, 'Gebratener Basamtireis mit Entenfleisch', 'mit Ei und Gemüse', 12.00),
          -- (365, 6, O1Q00317, 'Hühner-Curry', 'Basmatireis mit Hühnerfleisch, Zwiebeln, Currysauce, Paprika, Karotten, Bambus und Broccoli', 10.00),
          -- (366, 6, O1Q00317, 'Rindfleisch Shi-Chuan Art (scharf)', 'Basmatireis mit Rindfleisch, Gemüse und scharfer Sauce', 10.00),
          -- (367, 6, O1Q00317, 'Ente Shi-Chuan Art (scharf)', 'Basmatireis mit Bambus, Paprika, Karotten, Zwiebeln und Broccoli', 12.00),
          -- (368, 6, O1Q00317, 'Gebratene Riesengarnelen (scharf)', 'Basmatireis mit Bambus, Karotten, Paprika, Zwiebeln und Broccoli', 12.00),
          -- (369, 6, O1Q00317, 'Chop Suey mit Basmatireis, Rindfleisch und Gemüse', '', 12.00),
          -- (370, 6, O1Q00317, 'Chop Suey mit Basmatireis, Hähnchenfleisch und Gemüse', '', 12.00),
          -- (371, 6, O1Q00317, 'Ente Chop Suey', 'Basmatireis mit 1/2 Ente und Gemüse', 12.00),
          -- (372, 6, O1Q00317, 'Ente Shi-Chuan Art', 'Basmatireis mit Paprika, Bambus, Kokos und Zwiebeln', 12.00),
          -- (373, 6, O1Q00317, 'Ente Gemüse', 'Basmatireis mit Ente, Gemüse und Curry', 12.00),
          -- (374, 6, O1Q00317, 'Hähnchen Gemüse', 'Basmatireis mit Hähnchen, Gemüse und Curry', 12.00),
          -- (375, 6, O1Q00317, 'Hähnchen Shi-Chuan Art', 'Basmatireis mit Paprika, Bambus, Kokos und Zwiebeln', 12.00),
          -- (376, 6, OOQ00317, 'Hamburger', 'mit Rinderhackfleisch, Tomaten, Gurken, Zwiebeln und Salat', 4.50),
          -- (377, 6, OOQ00317, 'Cheeseburger', 'mit Rinderhackfleisch, Käse, Tomaten, Gurken, Zwiebeln und Salat', 4.50),
          -- (378, 6, OOQ00317, 'Veggieburger (2 Stück)', 'mit Gemüse', 9.00),
          -- (379, 6, OOQ00317, 'Chickenburger', 'mit Hähnchenfleisch, Tomaten, Gurken, Zwiebeln und Salat', 4.50),
          -- (380, 6, OOQ00317, 'Hawaiiburger (2 Stück)', 'mit Rinderhackfleisch, Ananas, Käse, Tomaten, Gurken, Zwiebeln und Salat', 9.00),
          -- (381, 6, OOQ00317, 'BBQ Burger (2 Stück)', 'mit Rinderhackfleisch, Tomaten, Gurken, Zwiebeln, Salat und Barbecuesauce', 9.00),
          -- (382, 6, OOQ00317, 'Mexikoburger (2 Stück, scharf)', 'mit Rinderhackfleisch, Käse, Jalapenos, Tomaten, Gurken, Zwiebeln und Salat', 9.00),
          -- (383, 6, O7Q00317, 'Currywurst', 'mit Pommes frites', 7.00),
          -- (384, 6, O7Q00317, 'Chicken Nuggets (10 Stück)', 'mit Pommes frites, kleinem Salat und einem Dip nach Wahl', 9.00),
          -- (385, 6, O7Q00317, 'Chicken Wings (10 Stück)', 'mit Pommes frites, kleinem Salat und Dip nach Wahl', 9.00),
          -- (386, 6, O7Q00317, 'Mozzarella Sticks (6 Stück)', 'mit einem Dip nach Wahl', 4.50),
          -- (387, 6, O7Q00317, 'Chili Cheese Nuggets (10 Stück)', 'mit Pommes frites und einem Dip nach Wahl', 6.50),
          -- (388, 6, O7Q00317, 'Kleine Frühlingsrollen (10 Stück)', 'mit einem Dip nach Wahl', 5.50),
          -- (389, 6, O0R00317, 'Maultaschen mit Schinken und Tomatensauce', 'überbacken mit Käse', 8.00),
          -- (390, 6, O0R00317, 'Maultaschen mit vier Käsesorten', 'mit Sahnesauce und überbacken mit Käse', 8.00),
          -- (391, 6, O0R00317, 'Geröstete Maultaschen', 'mit Ei und Zwiebeln', 7.00),
          -- (392, 6, O0R00317, 'Maultaschen mit Champignon-Rahmsauce und Spätzle', '', 8.00),
          -- (393, 6, O0R00317, 'Käsespätzle', 'mit Speck und Zwiebeln', 8.00),
          -- (394, 6, O3R00317, 'Paniertes Putenschnitzel (2 Stück)', '', 9.00),
          -- (395, 6, O3R00317, 'Paniertes Schnitzel (2 Stück)', '', 9.00),
          -- (396, 6, O3R00317, 'Paniertes Hähnchenschnitzel (2 Stück)', '', 9.00),
          -- (397, 6, O3R00317, 'Hähnchenbrustfilet (2 Stück)', 'mit Steinpilzsauce', 9.50),
          -- (398, 6, O3R00317, 'Paniertes Schweineschnitzel mit Spaghetti und Tomatensauce (2 Stück)', '', 9.50),
          -- (399, 6, O3R00317, 'Paniertes Putenschnitzel mit Spaghetti und Tomatensauce (2 Stück)', '', 9.50),
          -- (400, 6, O3R00317, 'Schweinelendenfilet (2 Stück)', 'mit Steinpilzsauce', 10.50),
          -- (401, 6, O3R00317, 'Gegrilltes Hähnchenfilet (2 Stück)', '', 9.00),
          -- (402, 6, O3R00317, 'Tintenfischringe', 'im Backteig', 11.00),
          -- (403, 6, O3R00317, 'Gegrilltes Schweineschnitzel mit Steinpilzsauce', '', 11.00),
          -- (404, 6, O3R00317, 'Gegrilltes Schweineschnitzel mit Champignonsauce', '', 11.00),
          -- (405, 6, O3R00317, 'Hähnchen Cordon Bleu', 'mit Champignonsauce', 11.00),
          -- (406, 6, O3R00317, 'Grillteller ohne Sauce', 'mit Bauchspeck, Hähnchenbrust und Schweineschnitzel', 11.50),
          -- (407, 6, O3R00317, 'Grillteller mit Champignonsauce', 'mit Bauchspeck, Hähnchenbrust und Schweineschnitzel', 15.30),
          -- (408, 6, O3R00317, 'Grillteller mit Steinpilzsauce', 'mit Bauchspeck, Hähnchenbrust und Schweineschnitzel', 15.30),
          -- (409, 6, O3R00317, 'Grillteller mit Zigeunersauce', 'mit Bauchspeck, Hähnchenbrust und Schweineschnitzel', 15.30),
          -- (410, 6, O3R00317, 'Schweinelende', 'mit Champignonsauce', 10.50),
          -- (411, 6, O3R00317, 'Schweine Cordon Bleu', 'mit Champignonsauce', 10.00),
          -- (412, 6, O3R00317, 'Cevapcici (10 Stück)', 'mit Ajvar', 8.50),
          -- (413, 6, O3R00317, 'Putenschnitzel (2 Stück)', 'mit Champignonsauce', 9.00),
          -- (414, 6, O3R00317, 'Bratkartoffeln', 'mit Zwiebeln, Speck und Rührei', 8.00),
          -- (415, 6, OPR00317, 'Hawaii Toast', 'mit Schinken, Ananas und überbacken mit Käse', 5.00),
          -- (416, 6, OPR00317, 'American Toast', 'mit Schinken, Salami und überbacken mit Käse', 5.00),
          -- (417, 6, OPR00317, 'Sandwich Perfekt', 'mit Schinken, Salami, Käse, Zwiebeln, Salat und Mayonnaise', 5.00),
          -- (418, 6, OPR00317, 'Schnitzel Toast', 'mit Schnitzel, Eisbergsalat und Mayonnaise', 5.00),
          -- (419, 6, ORR00317, 'Magnum Classic', '', 2.50),
          -- (420, 6, ORR00317, 'Magnum Mandel', '', 2.50),
          -- (421, 6, ORR00317, 'Magnum Weiß', '', 2.50),
          -- (422, 6, ORR00317, 'Tiramisu', '', 3.50),
          -- (423, 6, ORR00317, 'Spaghetti Eiscremetörtchen', '', 3.20),
          -- (424, 6, ORR00317, 'Zitrone', 'gefüllt mit Zitroneneis', 3.20),
          -- (425, 6, ORR00317, 'Orange', 'gefüllt mit Orangeneis', 3.20),
          -- (426, 6, ORR00317, 'Mini-Ananas', 'gefüllt mit Ananaseis', 5.50),
          -- (427, 6, ORR00317, '1/2 Kokosnuss', 'gefüllt mit Kokoseis', 4.50),
          (428, 6, 12, 'Mineralwasser 0,7l', '', 2.15),
          (429, 6, 12, 'Red Bull 0,25l', '', 3.25),
          (430, 6, 12, 'Coca Cola 1,0l', '', 3.15),
          (431, 6, 12, 'Coca Cola light 1,0l', '', 3.15),
          (432, 6, 12, 'Fanta 1,0l', '', 3.15),
          (433, 6, 12, 'Sprite 1,0l', '', 3.15),
          (434, 6, 12, 'Cola-Mix 1,0l', '', 3.15),
          (435, 6, 12, 'Orangensaft 1,0l', '', 3.00),
          (436, 6, 12, 'Apfelsaft 1,0l', '', 3.00),
          -- (437, 6, O5010317, 'Helles Kameliten 0,5l', '', 2.58),
          -- (438, 6, O5010317, 'Weißbier Arcobräu 0,5l', '', 2.58),
          -- (439, 6, O5010317, 'Becks Pils 0,5l', '', 2.58),
          -- (440, 6, O5010317, 'Lambrusco 0,7l', '', 5.50),
          -- (441, 6, O5010317, 'Lambrusco 1,5l', '', 8.00),
          -- (442, 6, O5010317, 'Chianti 0,7l', '', 6.50),
          -- (443, 6, O5010317, 'Chianti 1,5l', '', 8.00),
          -- (444, 6, O5010317, 'Bardolino 0,75l', '', 6.50),
          -- (445, 6, O5010317, 'Weißwein 0,75l', '', 8.00),
          -- (446, 6, O5010317, 'Soave 0,75l', '', 8.00),
          -- (447, 6, O5010317, 'Frascati 0,75l', '', 8.00),
          -- (448, 6, O5010317, 'Trollinger mit Lemberger 1,0l', '', 9.30),
          -- (449, 6, O5010317, 'Wodka Gorbatschow 0,7l', '', 14.20),
          -- (450, 6, O5010317, 'Wodka 0,7l', '', 11.60),
          -- (451, 6, O5010317, 'Whisky Red Label 0,7l', '', 17.30),
          -- (452, 6, O5010317, 'Whisky Ballantines 0,7l', '', 17.30),
          -- (453, 6, O5010317, 'Whisky Jack Daniels 0,7l', '', 27.00),
          -- (454, 6, O5010317, 'Jägermeister 0,7l', '', 17.30),
          (455, 6, 13, 'Grüner Salat', '', 3.00),
          (456, 6, 13, 'Salat des Hauses', 'mit Eisbergsalat, Gurken, Tomaten, Paprika und Zwiebeln', 4.50),
          (457, 6, 13, 'Salat Flying Pizza', 'mit Eisbergsalat, Gurken, Tomaten, Käse, Paprika, Mais, Schinken und gekochtem Ei', 6.00),
          (458, 6, 13, 'Salat Mexiko', 'mit Eisbergsalat, Gurken, Tomaten, Schafskäse, Paprika, Mais, Schinken und gekochtem Ei', 6.00),
          (459, 6, 13, 'Salat Roma', 'mit Eisbergsalat, Gurken, Tomaten, Oliven, Peperoni und Artischocken', 5.00),
          (460, 6, 13, 'Salat Italia', 'mit Eisbergsalat, Gurken, Tomaten, Thunfisch, Schinken, Käse, Oliven, gekochtem Ei, Peperoni und Artischocken', 6.00),
          (461, 6, 13, 'Hirtensalat', 'mit Eisbergsalat, Gurken, Tomaten, Thunfisch, Schinken, Schafskäse, Oliven, Ei, Peperoni und Artischocken', 6.00),
          (462, 6, 13, 'Salat Meeresfrüchte', '', 6.60),
          (463, 6, 13, 'Tomatensalat', 'mit Mozzarella und Zwiebeln', 5.00),
          (464, 6, 13, 'Gurkensalat', '', 3.00),
          (465, 6, 13, 'Thunfisch Salat', 'mit Thunfisch, Oliven, Artischocken und gekochtem Ei', 6.00),
          (466, 6, 13, 'Salat da Enzo', 'mit grünem Salat, Tomaten, Bohnen, Mais, gekochtem Ei, Thunfisch und Spargel', 6.00),
          (467, 6, 13, 'Spezial Salat', 'mit Eisbergsalat, Bohnen, Mais, Knoblauch, Gurken, Zwiebeln, Tomaten, Alopinos und Krabben', 6.00),
          (468, 6, 13, 'Hähnchen Salat', 'mit Hähnchenbrustfilet, Eisbergsalat, Gurken, Tomaten, Peperoni und Zwiebeln', 6.50),
          (469, 6, 13, 'Gemischter Salat', 'mit Eisbergsalat, Mais, Karotten, Tomaten und Gurken', 5.00),
          (470, 6, 13, 'Lupo Salat', 'mit Eisbergsalat, Tomaten, Gurken, Schafskäse und Zwiebeln', 5.50),
          (471, 6, 13, 'Bauern Salat', 'mit Eisbergsalat, Gurken, Tomaten, Schafskäse, Oliven und Paprika', 6.00),
          (472, 6, 13, 'Salat Hawaii', 'mit Eisbergsalat, Schinken, Ananas und Käsewürfeln', 5.50),
          (473, 6, 7, 'Pizza Käse', 'mit Tomatensauce und Käse', 5.80),
          (474, 6, 7, 'Pizza Champignons', '', 5.80),
          (475, 6, 7, 'Pizza Mais', '', 5.80),
          (476, 6, 7, 'Pizza Zwiebeln und Knoblauch', '', 5.80),
          (477, 6, 7, 'Pizza Artischocken', '', 5.80),
          (478, 6, 7, 'Pizza Paprika', '', 5.80),
          (479, 6, 7, 'Pizza Peperoni', '', 5.80),
          (480, 6, 7, 'Pizza Broccoli', '', 5.80),
          (481, 6, 7, 'Pizza scharfe Salami', '', 5.80),
          (482, 6, 7, 'Pizza Salami', '', 5.80),
          (483, 6, 7, 'Pizza türkische Salami', '', 5.80),
          (484, 6, 7, 'Pizza Schinken', '', 5.80),
          (485, 6, 7, 'Pizza Sardellen', '', 5.80),
          (486, 6, 7, 'Pizza Hackfleisch', '', 5.80),
          (487, 6, 7, 'Pizza Thunfisch und Zwiebeln', '', 6.20),
          (488, 6, 7, 'Pizza Thunfisch', '', 6.20),
          (489, 6, 7, 'Pizza Salami und Schinken', '', 6.20),
          (490, 6, 7, 'Pizza Salami und Champignons', '', 6.20),
          (491, 6, 7, 'Pizza Salami und Peperoni', '', 6.20),
          (492, 6, 7, 'Pizza Schinken und Champignons', '', 6.20),
          (493, 6, 7, 'Pizza Schinken und Spargel', '', 6.20),
          (494, 6, 7, 'Pizza Hawaii', 'mit Ananas, Curry und Schinken', 6.20),
          (495, 6, 7, 'Pizza Spinat und Mozzarella', '', 6.20),
          (496, 6, 7, 'Pizza Mozzarella und frische Tomaten', '', 6.20),
          (497, 6, 7, 'Pizza Salami, Schinken und Champignons', '', 6.20),
          (498, 6, 7, 'Pizza Diavolo (scharf)', 'mit Salami, Peperoni und Paprika', 6.20),
          (499, 6, 7, 'Pizza Schinken, Champignons und Artischocken', '', 6.20),
          (500, 6, 7, 'Pizza Salami, Schinken und Hackfleisch', '', 6.20),
          (501, 6, 7, 'Pizza Salami, Champignons und Hackfleisch', '', 6.20),
          (502, 6, 7, 'Pizza Schinken, Champignons und Hackfleisch', '', 6.20),
          (503, 6, 7, 'Pizza Schinken, Champignons und Broccoli', '', 6.20),
          (504, 6, 7, 'Pizza Schinken, Salami, Champignons und Peperoni', '', 6.20),
          (505, 6, 7, 'Pizza Solo Mio', 'mit Schinken, Champignons, Zwiebeln und Ei', 6.20),
          (506, 6, 7, 'Pizza Vier Jahreszeiten', 'mit Schinken, Salami, Champignons und Paprika', 6.20),
          (507, 6, 7, 'Pizza Vier Jahreszeiten (vegetarisch)', 'mit Champignons, Zwiebeln, Paprika und Peperoni', 6.20),
          (508, 6, 7, 'Pizza Schinken, Speck, Salami und Champignons', '', 6.20),
          (509, 6, 7, 'Pizza Mais, Knoblauch, Zwiebeln und Peperoni', '', 6.50),
          (510, 6, 7, 'Flying Pizza', 'mit Schinken, Mais, Speck, Peperoni, Knoblauch und frischen Tomatenscheiben', 6.50),
          (511, 6, 7, 'Pizza Krabben und Broccoli', '', 6.50),
          (512, 6, 7, 'Pizza Parmaschinken', 'mit Parmaschinken, Rucola und Parmesan', 6.50),
          (513, 6, 7, 'Pizza Gemüse', 'mit Spargel, Broccoli, Spinat und Mozzarella', 6.50),
          (514, 6, 7, 'Pizza Quattro Formaggi', 'mit Mozzarella, Gorgonzola, Parmesan und Gouda', 6.50),
          (515, 6, 7, 'Pizza Meeresfrüchte', 'mit Krabben, Garnelen, Tintenfisch und Muscheln', 6.50),
          (516, 6, 7, 'Pizza Salami, Schinken, Champignons, Zwiebeln, Paprika', 'und Oliven', 6.50),
          (517, 6, 7, 'Pizza Schinken, Champignons, Salami, Paprika, Zwiebeln,', 'Artischocken und Oliven', 6.50),
          (518, 6, 7, 'Pizza Schinken, Champignons, Ei, Zwiebeln, Peperoni,', 'Artischocken, Oliven, Sardellen und Kapern', 6.50),
          (519, 6, 7, 'Pizza Schinken, Salami, Knoblauch, Champignons, Curry,', 'Zwiebeln und Ei', 6.50),
          (520, 6, 7, 'Pizza Vegetaria', 'mit Artischocken, Paprika, Zwiebeln, Champignons, Peperoni und Oliven', 6.50),
          (521, 6, 7, 'Pizza Hähnchen', 'mit Hähnchen, Peperoni, Champignons und Mozzarella', 6.50),
          (522, 6, 7, 'Pizza Hähnchen-Hawaii', 'mit Hähnchen, Ananas und Curry', 6.50),
          (523, 6, 7, 'Pizza Döner', 'mit Rinder-Dönerfleisch, Mozzarella, Zwiebeln und Peperoni', 6.50),
          (524, 6, 7, 'Pizza Sahnesauce, Schinken, Zwiebeln und Broccoli', '', 6.50),
          (525, 6, 7, 'Pizza Sahnesauce, Schinken, Salami und Hackfleisch', '', 6.50),
          (526, 6, 7, 'Pizza Sauce Hollandaise, Hähnchengyros, Zwiebeln', 'und frischen Tomaten', 6.50),
          (527, 6, 7, 'Pizza Sauce Hollandaise, Dönerfleisch, Zwiebeln und Peperoni', '', 6.50),
          (528, 6, 7, 'Pizzabrot, Ø 30cm', '', 2.00),
          (529, 6, 7, 'Calzone', 'mit Salami, Champignons und Schinken', 6.50),
          (530, 6, 7, 'Calzone Vegetarisch', 'mit Champignons, Peperoni, Paprika, Zwiebeln, Ananas und Artischocken', 6.50),
          (531, 6, 7, 'Pizza türkische Salami, Champignons, Zwiebeln und Paprika', '', 6.20),
          (532, 6, 7, 'Pizza Sucuk, Peperoni und frischen Tomatenscheiben', '', 6.20),
          (533, 6, 7, 'Pizza Mozzarella, frischen Tomatenscheiben und türkischer Salami', '', 6.20),
          (534, 6, 7, 'Pizza Indisch', 'mit Hähnchen, Gemüse und indischen Gewürzen', 6.00),
          (535, 6, 7, 'Pizza Punjabi', 'mit Salami, Schinken, Champignons, Eier, Knoblauch, Zwiebeln und indischen Gewürzen', 6.00),
          (536, 6, 10, 'Pasta Knoblauch-Öl (pikant)', '', 5.50),
          (537, 6, 10, 'Pasta Thunfisch, Knoblauch und Tomatensauce', '', 6.80),
          (538, 6, 10, 'Pasta Frutti di Mare', 'mit Meeresfrüchten, Knoblauch, Oliven, Petersilie und Tomatensauce', 6.00),
          (539, 6, 10, 'Pasta Napoli', 'mit Tomatensauce', 6.80),
          (540, 6, 10, 'Pasta Bolognese', 'mit Hackfleischsauce und Sahne', 6.80),
          (541, 6, 10, 'Pasta alla Panna', 'mit Schinken und Sahnesauce', 6.80),
          (542, 6, 10, 'Pasta Carbonara', 'mit Schinken, Ei und Sahnesauce', 6.80),
          (543, 6, 10, 'Pasta Diavolo (scharf)', 'mit Alopinos, Knoblauch, Tomaten und Petersilie', 6.80),
          (544, 6, 10, 'Pasta Champignons, Knoblauch, Petersilie und Sahnesauce', '', 6.80),
          (545, 6, 10, 'Pasta Ciociara', 'mit Schinken, Erbsen, Tomaten, Champignons und Sahnesauce', 6.80),
          (546, 6, 10, 'Tris di Pasta', 'mit Rigatoni, Spaghetti, Tortellini, Krabben, Schinken, Champignons, Bolognese, Zwiebeln und Sahne', 6.80),
          (547, 6, 10, 'Nudeln Extra Spezial', 'mit Krabben, Schinken, Champignons, Bolognese, Zwiebeln und Sahne', 6.80),
          (548, 6, 10, 'Pasta Cremo Piccanti 1', 'mit Tomaten-Sahnesauce', 6.80),
          (549, 6, 10, 'Pasta Cremo Piccanti 2', 'mit Mozzarella, Peperoni und Erbsen', 6.80),
          (550, 6, 10, 'Pasta Rosate 1', 'mit Tomaten-Sahnesauce', 6.80),
          (551, 6, 10, 'Pasta Rosate 2', 'mit Lachs, Mozzarella und Parmesan', 6.80),
          (552, 6, 10, 'Pasta Spadellate', 'mit Bolognesesauce, Sambuca und Parmesan', 6.80),
          (553, 6, 10, 'Pasta Thunfisch 1', 'mit Tomaten-Sahnesauce', 6.80),
          (554, 6, 10, 'Pasta Thunfisch 2', 'mit Thunfischfilet und Parmesan', 6.80),
          (555, 6, 10, 'Pasta India', 'mit Sahnesauce, Hähnchenfleisch, Curry und Spinat', 6.80),
          (556, 6, 10, 'Pasta Casarecci', 'mit Tomatensauce, Olivenöl, Putenfilet, Tomaten, Zwiebeln und Parmesan', 6.80),
          (557, 6, 10, 'Pasta a la Casa', 'mit Hackfleisch, Sahne-Currysauce, Knoblauch und Erbsen', 6.80),
          (558, 6, 10, 'Kawatini', 'mit drei Nudelsorten', 7.20),
          (559, 6, 10, 'Lasagne', '', 7.20),
          (560, 6, 10, 'Rigatoni al Forno', '', 7.20),
          (561, 6, 10, 'Tortellini al Forno', '', 7.20),
          (562, 6, 10, 'Gnocchi al Forno', '', 7.20),
          -- (563, 6, O5100317, 'Rösti Broccoli', 'Rösti mit zartem Broccoli', 7.50),
          -- (564, 6, O5100317, 'Rösti Spinat', 'Rösti mit Blattspinat, Zwiebeln und Champignons', 7.50),
          -- (565, 6, O5100317, 'Schweizer Rösti', 'Rösti mit Schinken und Tomaten', 7.50),
          -- (566, 6, O5100317, 'Rösti Hähnchen', 'Rösti mit Hähnchenbrust', 7.50),
          -- (567, 6, OQ100317, 'Broccoli-Kartoffel Auflauf', 'mit Schinken, Champignons, Broccoli, Kartoffeln und Sahnesauce', 6.80),
          -- (568, 6, OQ100317, 'Vitaminbombe', 'mit Champignons, Broccoli, Kartoffeln und Sahnesauce', 6.80),
          -- (569, 6, OQ100317, 'Bratkartoffel Auflauf', 'mit Bratkartoffeln, Speck, Zwiebeln und Ei', 6.80),
          -- (570, 6, OQ100317, 'Mexico-Topf', 'mit Mais, Bohnen, Paprika, Hackfleisch, Kartoffeln und Sahnesauce', 6.80),
          -- (571, 6, OQ100317, 'Hackfleisch Auflauf', 'mit Hackfleischsauce, Kartoffeln, Blumenkohl, Schinken und Sahnesauce', 6.80),
          -- (572, 6, OQ100317, 'Hähnchen Auflauf', 'mit Hähnchenbrust, Kartoffeln, Knoblauch und Tomatensauce', 6.80),
          -- (573, 6, OQ100317, 'Bratkartoffel-Hackfleisch Auflauf', 'mit Bratkartoffeln, Hackfleisch, Schinken und Sahnesauce', 6.80),
          -- (574, 6, OQ100317, 'Flying-Topf', 'mit Broccoli, Blumenkohl, frischen Champignons und Kartoffeln', 6.80),
          (575, 6, 1, 'Gyros Tzatziki, Zwiebeln und Peperoni', '', 7.20),
          (576, 6, 1, 'Gyros Tzatziki, Zwiebeln und Champignons', '', 7.20),
          (577, 6, 1, 'Überbackenes Gyros', 'mit Sahnesauce und mit Käse überbacken', 7.20),
          (578, 6, 1, 'Hähnchen-Gyros', 'mit Tzatziki, Zwiebeln und Peperoni', 7.20),
          (579, 6, 1, 'Überbackenes Hähnchen-Gyros', 'mit Sahnesauce und mit Käse überbacken', 7.20),
          -- (580, 6, OON00317, 'Vegetable Biryani (mittelscharf)', 'mit Curry und Gemüse, nach indischer Art', 6.80),
          -- (581, 6, OON00317, 'Chicken Korma', 'mit Hähnchen, Currysauce, Mandeln, Kokosnuss und mit Sahne verfeinert', 7.20),
          -- (582, 6, OON00317, 'Chicken Biryani', 'mit Hähnchenfleisch, Paprika und Erbsen, nach indischer Art', 7.20),
          -- (583, 6, OON00317, 'Chicken Madras (scharf)', 'mit Hähnchen und Currysauce, nach orientalischer Art', 7.20),
          -- (584, 6, OON00317, 'Chicken Sagwala (mittelscharf)', 'mit Hähnchenbrustfilet, Spinat und Sahne, nach orientalischer Art', 7.20),
          -- (585, 6, OON00317, 'Chicken Curry', 'mit Hähnchenfleisch, Knoblauch, Currysauce und mit Sahne verfeinert', 7.20),
          -- (586, 6, OON00317, 'Chicken Masala (mittelscharf)', 'mit Hähnchen, Tomaten, Curry, Koriander, gekochtem Ei und auserlesenen Gewürzen', 7.20),
          -- (587, 6, OON00317, 'Murgh Badami', 'mit Hähnchenfleisch, Champignons, spezieller Sauce und mit Sahne und Gewürzen verfeinert', 7.20),
          -- (588, 6, OON00317, 'Chicken Tikka (mittelscharf)', 'mit Hähnchen, aromatischer indische Sauce, Knoblauc, Sahne, Erbsen und Zitronensaft', 7.20),
          -- (589, 6, OON00317, 'Lamm Korma', 'mit Lammfleisch, Mandeln, Kokosnuss und Sahne', 8.00),
          -- (590, 6, OON00317, 'Lamm Madras (scharf)', 'mit Lammfleisch, Tomaten und Currysauce', 8.00),
          -- (591, 6, OON00317, 'Shrimps Biryani', 'mit Krabben, nach indischer Art', 8.00),
          -- (592, 6, OON00317, 'Shahi Panir', 'hausgemachter Frischkäse mit gemischtem Gemüse und Curry-Sahnesauce', 6.80),
          -- (593, 6, OON00317, 'Palak Panir', 'hausgemachter Käse mit Spinat, nach indischer Art', 6.80),
          -- (594, 6, OON00317, 'Sabji-Bhaji', 'mit Gemüse und erlesenen Gewürzen, nach indischer Art', 6.80),
          -- (595, 6, OON00317, 'Chana Masala', 'mit Kichererbsen, Kartoffeln, Tomaten, Zwiebeln und Ingwer', 6.80),
          -- (596, 6, OON00317, 'Bharta', 'mit Auberginen, Zwiebeln, Tomaten und feinen indischen Gewürzen', 6.80),
          -- (597, 6, OON00317, 'Mango Chicken', 'mit Hühnerfleisch, Mango und Currysauce', 6.80),
          -- (598, 6, O7N00317, 'Drei Tacos', 'mit Mais, Hackfleisch, Gurken, frischen Tomaten und mexikanischen Gewürzen', 6.40),
          -- (599, 6, O7N00317, 'Große Enchillada', 'mit Bolognese, Alopinos, Käse und Knoblauch', 6.40),
          -- (600, 6, O7N00317, 'Tortilla', 'gefüllt mit Speck, Bohnen, Käse, Mais, Alopinos, Knoblauch, Schrotpfeffer und Salat', 6.40),
          (601, 6, 14, 'Gebratene Nudeln mit Hühnerfleisch', 'mit Ei und Gemüse', 7.70),
          (602, 6, 14, 'Gebratene Nudeln mit Rindfleisch', 'mit Ei und Gemüse', 8.00),
          (603, 6, 14, 'Gebratene Nudeln mit Krabben', 'mit Ei und Gemüse', 7.70),
          (604, 6, 14, 'Gebratene Nudeln mit Riesengarnelen', 'mit Ei und Gemüse', 11.00),
          (605, 6, 14, 'Gebratene Nudeln mit Entenfleisch', 'mit Ei und Gemüse', 11.00),
          (606, 6, 14, 'Gebratener Basamtireis mit Hühnerfleisch', 'mit Ei und Gemüse', 7.70),
          (607, 6, 14, 'Gebratener Basamtireis mit Rindfleisch', 'mit Ei und Gemüse', 8.00),
          (608, 6, 14, 'Gebratener Basamtireis mit Krabben', 'mit Ei und Gemüse', 7.70),
          (609, 6, 14, 'Gebratener Basamtireis mit Riesengarnelen', 'mit Ei und Gemüse', 11.00),
          (610, 6, 14, 'Gebratener Basamtireis mit Entenfleisch', 'mit Ei und Gemüse', 11.00),
          (611, 6, 15, 'Hühner-Curry', 'Basmatireis mit Hühnerfleisch, Zwiebeln, Currysauce, Paprika, Karotten, Bambus und Broccoli', 9.00),
          (612, 6, 15, 'Rindfleisch Shi-Chuan Art (scharf)', 'Basmatireis mit Rindfleisch, Gemüse und scharfer Sauce', 9.00),
          (613, 6, 15, 'Ente Shi-Chuan Art (scharf)', 'Basmatireis mit Bambus, Paprika, Karotten, Zwiebeln und Broccoli', 11.00),
          (614, 6, 15, 'Gebratene Riesengarnelen (scharf)', 'Basmatireis mit Bambus, Karotten, Paprika, Zwiebeln und Broccoli', 11.00),
          (615, 6, 15, 'Chop Suey mit Basmatireis, Rindfleisch und Gemüse', '', 11.00),
          (616, 6, 15, 'Chop Suey mit Basmatireis, Hähnchenfleisch und Gemüse', '', 11.00),
          (617, 6, 15, 'Ente Chop Suey', 'Basmatireis mit 1/2 Ente und Gemüse', 11.00),
          (618, 6, 15, 'Ente Shi-Chuan Art', 'Basmatireis mit Paprika, Bambus, Kokos und Zwiebeln', 11.00),
          (619, 6, 15, 'Ente Gemüse', 'Basmatireis mit Ente, Gemüse und Curry', 11.00),
          (620, 6, 15, 'Hähnchen Gemüse', 'Basmatireis mit Hähnchen, Gemüse und Curry', 11.00),
          (621, 6, 15, 'Hähnchen Shi-Chuan Art', 'Basmatireis mit Paprika, Bambus, Kokos und Zwiebeln', 11.00),
          (622, 6, 4, 'Hamburger', 'mit Rinderhackfleisch, Tomaten, Gurken, Zwiebeln und Salat', 3.50),
          (623, 6, 4, 'Cheeseburger', 'mit Rinderhackfleisch, Käse, Tomaten, Gurken, Zwiebeln und Salat', 3.50),
          (624, 6, 4, 'Veggieburger (2 Stück)', 'mit Gemüse', 7.50),
          (625, 6, 4, 'Chickenburger', 'mit Hähnchenfleisch, Tomaten, Gurken, Zwiebeln und Salat', 3.50),
          (626, 6, 4, 'Hawaiiburger (2 Stück)', 'mit Rinderhackfleisch, Ananas, Käse, Tomaten, Gurken, Zwiebeln und Salat', 7.50),
          (627, 6, 4, 'BBQ Burger (2 Stück)', 'mit Rinderhackfleisch, Tomaten, Gurken, Zwiebeln, Salat und Barbecuesauce', 7.50),
          (628, 6, 4, 'Mexikoburger (2 Stück, scharf)', 'mit Rinderhackfleisch, Käse, Jalapenos, Tomaten, Gurken, Zwiebeln und Salat', 7.50),
          (629, 6, 4, 'Currywurst', 'mit Pommes frites', 6.30),
          (630, 6, 4, 'Chicken Nuggets (10 Stück)', 'mit Pommes frites, kleinem Salat und einem Dip nach Wahl', 7.20),
          (631, 6, 4, 'Chicken Wings (10 Stück)', 'mit Pommes frites, kleinem Salat und Dip nach Wahl', 7.20),
          (632, 6, 4, 'Mozzarella Sticks (6 Stück)', 'mit einem Dip nach Wahl', 3.60),
          (633, 6, 4, 'Chili Cheese Nuggets (10 Stück)', 'mit Pommes frites und einem Dip nach Wahl', 5.20),
          (634, 6, 4, 'Kleine Frühlingsrollen (10 Stück)', 'mit einem Dip nach Wahl', 4.20),
          -- (635, 6, OR300317, 'Maultaschen mit Schinken und Tomatensauce', 'überbacken mit Käse', 6.60),
          -- (636, 6, OR300317, 'Maultaschen mit vier Käsesorten', 'mit Sahnesauce und überbacken mit Käse', 6.60),
          -- (637, 6, OR300317, 'Geröstete Maultaschen', 'mit Ei und Zwiebeln', 6.00),
          -- (638, 6, OR300317, 'Maultaschen mit Champignon-Rahmsauce und Spätzle', '', 6.60),
          -- (639, 6, OR300317, 'Käsespätzle', 'mit Speck und Zwiebeln', 6.60),
          (640, 6, 3, 'Paniertes Putenschnitzel (2 Stück)', '', 7.20),
          (641, 6, 3, 'Paniertes Schnitzel (2 Stück)', '', 7.20),
          (642, 6, 3, 'Paniertes Hähnchenschnitzel (2 Stück)', '', 7.20),
          (643, 6, 3, 'Hähnchenbrustfilet (2 Stück)', 'mit Steinpilzsauce', 8.00),
          (644, 6, 3, 'Paniertes Schweineschnitzel mit Spaghetti und Tomatensauce (2 Stück)', '', 7.50),
          (645, 6, 3, 'Paniertes Putenschnitzel mit Spaghetti und Tomatensauce (2 Stück)', '', 7.50),
          (646, 6, 3, 'Schweinelendenfilet (2 Stück)', 'mit Steinpilzsauce', 8.40),
          (647, 6, 3, 'Gegrilltes Hähnchenfilet (2 Stück)', '', 7.20),
          (648, 6, 3, 'Tintenfischringe', 'im Backteig', 9.00),
          (649, 6, 3, 'Gegrilltes Schweineschnitzel mit Steinpilzsauce', '', 9.00),
          (650, 6, 3, 'Gegrilltes Schweineschnitzel mit Champignonsauce', '', 9.00),
          (651, 6, 3, 'Hähnchen Cordon Bleu', 'mit Champignonsauce', 9.00),
          (652, 6, 3, 'Grillteller ohne Sauce', 'mit Bauchspeck, Hähnchenbrust und Schweineschnitzel', 9.80),
          (653, 6, 3, 'Grillteller mit Champignonsauce', 'mit Bauchspeck, Hähnchenbrust und Schweineschnitzel', 13.00),
          (654, 6, 3, 'Grillteller mit Steinpilzsauce', 'mit Bauchspeck, Hähnchenbrust und Schweineschnitzel', 13.00),
          (655, 6, 3, 'Grillteller mit Zigeunersauce', 'mit Bauchspeck, Hähnchenbrust und Schweineschnitzel', 13.00),
          (656, 6, 3, 'Schweinelende', 'mit Champignonsauce', 7.60),
          (657, 6, 3, 'Schweine Cordon Bleu', 'mit Champignonsauce', 8.00),
          (658, 6, 3, 'Cevapcici (10 Stück)', 'mit Ajvar', 6.80),
          (659, 6, 3, 'Putenschnitzel (2 Stück)', 'mit Champignonsauce', 7.20),
          (660, 6, 3, 'Bratkartoffeln', 'mit Zwiebeln, Speck und Rührei', 6.40),
          -- (661, 6, O5O00317, 'Hawaii Toast', 'mit Schinken, Ananas und überbacken mit Käse', 4.00),
          -- (662, 6, O5O00317, 'American Toast', 'mit Schinken, Salami und überbacken mit Käse', 4.00),
          -- (663, 6, O5O00317, 'Sandwich Perfekt', 'mit Schinken, Salami, Käse, Zwiebeln, Salat und Mayonnaise', 4.00),
          -- (664, 6, O5O00317, 'Schnitzel Toast', 'mit Schnitzel, Eisbergsalat und Mayonnaise', 4.00),
          ;